RTSW web plot data - created 2026-06-05 08:01:51
More information is available from SWPC at http://www.swpc.noaa.gov/products/real-time-solar-wind

Start: 2026-01-08T22:57:11
End:   2026-01-08T22:57:11
Source: 0=ACE, 1=DSCOVR, 2=mixed ACE+DSCOVR

Resolution: 30 min
med=50th percentile (median), min=1st percentile, max=99th percentile
Phi mean is the average angle, taking into account the wrapping at 0/360 degrees

More data is available from the NCEI archive at https://www.ngdc.noaa.gov/dscovr

Timestamp           Source    Bt-med    Bt-min    Bt-max    Bx-med    Bx-min    Bx-max    By-med    By-min    By-max    Bz-med    Bz-min    Bz-max  Phi-mean   Phi-min   Phi-max Theta-med Theta-min Theta-max  Dens-med  Dens-min  Dens-max Speed-med Speed-min Speed-max  Temp-med  Temp-min  Temp-max
2026-01-08 22:30:00      0      9.80      7.89     10.24      5.88     -4.50      8.13     -4.55     -6.24      2.62     -5.61     -8.70     -3.83    307.94    149.74    357.94    -33.86    -83.31    -22.98      5.97      5.20     10.14    411.26    386.33    421.74    132608     51423    200884 
2026-01-08 23:00:00      0     10.82      9.14     11.66      1.31     -2.84      4.69     -5.32     -8.90     -0.30     -9.24    -10.27     -5.50    286.38    186.07    339.69    -69.24    -82.19    -29.24      5.42      4.27      6.43    412.13    396.90    428.62    129772    125957    215209 
2026-01-08 23:30:00      0      9.99      8.96     10.93      4.02     -1.38      5.44     -5.86     -7.74     -3.76     -6.61     -8.40     -5.46    299.70    249.84    321.53    -40.16    -64.36    -32.18      5.43      2.38      6.47    404.65    373.00    415.11    120936     30968    196450 
2026-01-09 00:00:00      0      9.45      8.16     10.95     -1.06     -4.55      0.95     -6.57     -9.05     -2.95     -7.53     -8.53     -5.88    257.53    215.08    275.99    -52.29    -64.36    -33.82      5.70      4.72      7.19    415.45    402.72    434.46    132662    107104    155558 
2026-01-09 00:30:00      0      8.61      5.79     10.36      0.36     -1.41      3.67     -4.47     -6.42      0.69     -7.22    -10.25     -0.41    280.03    118.30    317.04    -54.06    -88.26     -3.31      5.48      3.97      6.54    411.26    392.50    416.81    124370     98765    201144 
2026-01-09 01:00:00      0      9.16      5.79     10.85      4.90      0.96      6.86     -7.40     -9.34     -3.42     -2.36     -3.65      2.97    301.80    276.70    323.13    -13.68    -29.92     19.82      5.10      3.86      5.55    401.47    379.39    412.84    123833     79522    201144 
2026-01-09 01:30:00      0      8.16      4.44      9.60     -1.54     -5.20      6.01     -3.39     -8.14     -1.30     -6.38     -7.81     -0.84    250.13    194.01    308.98    -51.11    -61.90     -5.02      5.28      3.94      6.22    406.61    373.50    418.90    131419     49079    184260 
2026-01-09 02:00:00      0      8.75      6.50     11.56     -2.30     -7.03      6.28     -5.37     -9.57      7.54     -3.92     -5.78     -1.59    246.11    127.31    306.76    -24.54    -58.07     -7.92      5.36      3.52      6.49    404.01    397.90    426.83    122056    106632    169591 
2026-01-09 02:30:00      0     11.12     10.47     11.31      4.74      3.95      5.77     -9.83    -10.33     -9.38     -0.87     -1.70      1.04    296.39    290.90    300.75     -4.77     -8.66      5.57      5.83      4.69      6.91    404.01    400.16    418.91     91681     71417    169523 
2026-01-09 03:00:00      0     10.30      7.24     10.79      4.67      3.78      7.32     -8.75     -9.68     -6.14     -1.03     -1.95      0.01    300.57    295.64    315.05     -5.79    -10.78      0.08      7.15      6.61      8.95    403.53    398.71    422.14     92756     74999    172048 
2026-01-09 03:30:00      0      6.96      5.68      8.91      4.22      3.27      4.92     -5.20     -7.43      0.23     -1.33     -5.08      1.85    323.95      3.17    357.77    -10.92    -54.49     16.48      8.03      7.34     11.47    403.86    392.02    405.60    113589     99032    131200 
2026-01-09 04:00:00      0      6.03      4.02      6.94      5.18      1.73      6.36     -1.13     -4.10      3.22      1.49     -1.99      2.51    346.21      9.18    349.96     14.32    -17.74     28.08     11.02      8.08     11.98    392.02    386.23    407.52    103496    100105    113720 
2026-01-09 04:30:00      0      5.30      3.43      7.59     -3.40     -4.90      0.92     -3.52     -5.92     -0.15     -2.04     -4.61     -0.03    221.70    183.47    278.82    -22.59    -51.31     -0.41     11.04      6.38     12.16    410.19    401.76    424.28    102322     96094    122035 
2026-01-09 05:00:00      0      7.59      5.71     10.64      2.75     -4.90      8.40     -4.04     -7.45      1.47     -0.41     -4.61      7.39    308.08     14.51    352.62     -3.09    -37.38     51.55     10.12      5.13     10.75    436.01    412.07    474.41    139642    101611    223815 
2026-01-09 05:30:00      0     11.27      9.74     14.32      3.76      1.93      8.08     -9.04    -10.11     -2.62     -6.20     -9.67      5.40    302.20    282.13    341.16    -32.69    -45.42     33.64      4.37      3.84     10.17    477.54    466.52    483.01    191222    139839    291361 
2026-01-09 06:00:00      0     10.68     10.12     12.36      5.03      1.40      7.67     -8.33     -9.07      4.92     -3.36     -6.20     11.26    335.19     28.01    331.13    -17.95    -33.96     65.58      5.07      2.91      5.62    471.18    462.87    491.48    191222    101235    248061 
2026-01-09 06:30:00      0     12.95     10.27     13.44      0.45     -2.86      5.91      5.34      0.26      8.66     10.66      7.58     12.19     79.85      2.49    110.26     58.67     42.51     70.28      3.86      2.68      4.78    467.89    455.29    473.43    114727     87145    128898 
2026-01-09 07:00:00      0     11.99     10.32     12.52      5.88      5.67      6.49     -1.49     -7.41      2.19     10.26     -4.42     10.66    348.26      2.49    349.71     57.19    -25.37     60.99      3.85      2.96      3.99    483.36    435.95    530.59    173264     75612    215789 
2026-01-09 07:30:00      0    -99999    -99999    -99999    -99999    -99999    -99999    -99999    -99999    -99999    -99999    -99999    -99999    -99999    -99999    -99999    -99999    -99999    -99999    -99999    -99999    -99999    -99999    -99999    -99999    -99999    -99999    -99999 
2026-01-09 08:00:00      0     10.32     10.16     10.53      5.67      4.58      8.28     -7.41     -8.10     -4.43     -4.06     -4.42      4.76    312.85    299.46    331.85    -23.57    -25.37     26.90      4.18      3.55      4.21    541.64    530.59    542.14    253599    215789    256937 
2026-01-09 08:30:00      0     10.04      9.70     10.72      7.91     -2.62      8.55     -4.48     -5.89      2.52      4.30      3.33      9.79    335.02    136.13    341.60     24.85     19.76     69.60      5.98      4.21      6.82    549.22    534.29    561.84    288636    256876    406391 
2026-01-09 09:00:00      0     11.01      9.37     11.67     -2.68     -4.95     -0.01      2.60     -0.29      5.00      9.81      8.59     10.90    138.33    103.48    268.38     66.50     56.31     88.32      6.52      5.67      7.38    551.45    533.70    561.34    387181    320588    485175 
2026-01-09 09:30:00      0     10.48      8.58     13.15     -3.83     -4.52      1.56      1.92     -1.81      7.27      8.54      8.08     10.67     88.54     56.13    310.81     54.19     43.33     84.62      4.95      4.21      6.37    501.64    500.04    543.05    318213    244709    358621 
2026-01-09 10:00:00      0     12.64      9.06     14.26      9.50     -4.47     10.49     -6.39     -8.80      6.78      5.03      0.07     10.93    347.77    108.79    330.79     20.67      0.29     70.05    -99999    -99999    -99999    -99999    -99999    -99999    -99999    -99999    -99999 
2026-01-09 10:30:00      0     12.83     11.91     13.21      8.42      7.52      9.65     -9.19    -10.17     -6.39     -0.91     -1.40      3.40    314.81    309.32    326.48     -4.39     -6.13     16.36    -99999    -99999    -99999    -99999    -99999    -99999    -99999    -99999    -99999 
2026-01-09 11:00:00      0     14.30     12.92     16.09      9.64      7.49     11.59    -10.44    -11.96     -8.98     -0.10     -4.30      3.69    312.87    304.71    318.05     -0.46    -16.16     15.03      5.41      3.07      6.59    514.24    477.78    552.97    338915    168204    401535 
2026-01-09 11:30:00      0     12.63     11.00     14.12      8.60      3.78     10.71     -7.64    -10.12     -2.34      4.59      1.12     11.10    318.73    308.68    328.18     22.41      4.59     68.18      5.73      0.58      6.78    525.92    451.30    554.26    379410     94173    479446 
2026-01-09 12:00:00      0     12.02     11.14     12.67      7.96      3.44      9.69     -7.80     -9.21     -1.90      3.51     -2.25     11.25    319.07    308.87    333.24     16.40    -10.79     69.46      5.29      3.23      6.51    530.41    492.56    561.02    402511    217194    489457 
2026-01-09 12:30:00      0     11.45     10.58     12.52      7.86      6.71      8.73     -6.44     -9.63     -2.68      4.37      0.13      8.74    321.60    307.69    342.58     23.01      0.61     48.26      5.34      3.20      6.18    522.56    468.40    542.04    363499    148520    452963 
2026-01-09 13:00:00      0     11.15     10.85     11.49      8.99      7.37      9.91     -6.03     -8.01     -4.12      0.90     -1.08      5.34    326.04    312.63    335.86      4.51     -5.63     29.12      5.17      3.77      9.31    512.41    477.30    529.13    340122    229878    461577 
2026-01-09 13:30:00      0     10.85      8.90     11.35      8.11      6.65      9.14     -6.68     -7.51     -4.39     -1.76     -4.07      2.68    322.44    311.54    329.79     -8.93    -22.10     13.75      4.05      1.91     11.73    497.30    461.91    547.82    226807     77181    377850 
2026-01-09 14:00:00      0     10.44      9.66     10.74      7.40      3.83      8.50     -6.92     -9.60     -4.94     -0.26     -1.92      4.71    314.94    291.73    326.51     -1.48    -10.55     26.25      4.07      1.55      6.51    484.96    447.60    520.28    163150     40733    387494 
2026-01-09 14:30:00      0     10.67     10.48     10.99      6.60      4.70      7.82     -8.02     -9.19     -5.69     -2.98     -7.01      0.67    308.95    299.34    323.98    -16.05    -40.29      3.56      3.91      2.07     24.07    491.52    457.31    650.12    156780     74229    432361 
2026-01-09 15:00:00      0     10.12      9.88     10.90      7.36      2.28      8.56     -5.82     -6.88     -3.33      2.55     -7.01     10.13    320.43    304.33    334.04     14.79    -40.29     68.28      3.81      1.74      8.99    485.68    455.58    534.88    200380     69785    976880 
2026-01-09 15:30:00      0      9.82      9.41     10.08      8.63      8.21      9.11     -4.54     -5.65     -2.56     -1.28     -3.11      0.59    333.92    325.45    343.97     -7.47    -18.52      3.40      3.65      2.80     42.00    474.00    429.80    575.26    168472    106612    316174 
2026-01-09 16:00:00      0      9.47      8.92      9.68      7.96      6.60      8.62     -5.02     -6.32     -3.79     -0.65     -2.31      2.91    328.17    318.12    335.68     -3.91    -14.75     17.82      4.44      2.46      9.27    483.50    456.91    507.89    180398     94877    345395 
2026-01-09 16:30:00      0      9.62      9.04      9.79      7.94      4.73      8.76     -4.47     -7.14     -1.83      2.24     -8.14      3.37    329.17    308.81    338.82     13.25    -58.07     20.38      4.70      1.29     10.95    495.52    462.49    522.19    177418     89722    271223 
2026-01-09 17:00:00      0      9.11      7.82      9.95      6.05      4.93      8.12     -4.94     -7.36     -1.41     -2.29     -6.09      5.78    323.26    303.84    347.38    -14.95    -39.80     47.66      3.98      1.26      9.19    498.17    457.97    519.88    193060     33301    449757 
2026-01-09 17:30:00      0      9.49      6.07     10.05      5.61      3.20      7.99     -6.28     -8.21     -3.65      2.91     -6.48      5.96    311.99    297.26    332.96     18.08    -46.02     38.96      5.08      0.90      9.65    506.31    454.98    545.51    203385     60292    293749 
2026-01-09 18:00:00      0      8.90      7.53      9.30      6.96      3.21      7.97     -4.78     -7.15      5.94     -1.94     -4.71      1.53    345.53     22.45    353.77    -12.40    -35.01      9.50      4.20      3.00     13.15    501.61    471.77    532.49    214991    115177    357988 
2026-01-09 18:30:00      0      8.16      7.52      8.65      6.37      4.24      7.99      2.17     -6.29      5.71     -3.15     -5.60      2.99      8.19      2.28    358.48    -22.29    -41.35     22.10      3.39      1.36      4.19    499.53    459.77    519.85    295673    133451    427285 
2026-01-09 19:00:00      0      7.72      6.95      8.20      5.08     -0.14      7.23     -5.27     -7.14     -1.77      0.06     -6.43      5.36    310.74    268.19    346.03      0.44    -54.49     50.55      3.77      2.16      8.29    496.34    467.02    535.39    206215     90529    342886 
2026-01-09 19:30:00      0      7.72      7.09      8.49      6.82      4.32      7.47     -2.95     -6.40      0.60     -1.19     -4.46      3.50    335.84      5.90    351.93     -9.25    -37.53     24.37      3.49      2.14     10.55    484.37    457.88    532.28    204823    119400    389457 
2026-01-09 20:00:00      0      8.98      7.86      9.32      1.64     -3.25      5.44     -7.04     -8.35     -5.34      4.73     -3.00      6.61    281.51    247.64    313.11     31.33    -21.49     48.42      3.76      2.38      4.48    513.92    460.96    548.58    205203     99223    264416 
2026-01-09 20:30:00      0      7.94      4.23      8.71      3.45     -4.61      6.67     -4.80     -7.97      0.80      2.00     -0.23      7.74    309.75      8.81    355.81     19.93     -1.59     62.80      3.74      2.60      6.91    500.71    468.52    567.79    184464    141009    239161 
2026-01-09 21:00:00      0      4.64      1.92      6.17      4.14     -0.40      6.03     -1.21     -3.62      2.18     -0.61     -3.85      1.11    350.70      3.83    359.77     -7.44    -70.70     10.88      3.69      1.87      4.85    476.58    443.06    509.55    192744    128142    343751 
2026-01-09 21:30:00      0      4.24      1.72      7.34      3.89      0.29      5.77     -0.99     -6.90      1.67     -0.67     -2.92      2.04    343.16      1.84    359.18     -8.14    -48.02     41.71      3.75      2.92     10.99    486.23    456.20    506.20    237162    147701    441406 
2026-01-09 22:00:00      0      6.06      4.52      7.34      5.45      0.29      6.70     -2.25     -6.90      0.59     -1.14     -4.31      0.67    330.29      0.78    357.68     -9.70    -43.51      6.95      3.81      2.87      6.05    473.47    460.79    490.43    198940    128439    288467 
2026-01-09 22:30:00      0      6.02      4.81      6.90      5.41      1.40      6.90     -1.83     -5.33     -0.17      0.33     -3.04      2.37    338.73    286.69    358.58      3.20    -31.70     26.50      3.86      3.49     10.91    469.68    451.65    495.71    231248    148487    348174 
2026-01-09 23:00:00      0      6.35      4.08      7.10      4.70     -0.04      6.29     -3.41     -4.51     -1.28     -1.48     -4.55      4.41    319.88    269.42    344.66    -13.62    -43.16     44.61      4.07      3.13     10.62    483.07    476.49    511.08    194230    103581    289565 
2026-01-09 23:30:00      0      7.26      6.11      8.44      6.24      5.09      6.98     -3.72     -6.20     -2.09      0.16     -2.43      1.58    327.73    312.42    339.52      1.12    -22.97     11.40      4.07      2.73      9.63    476.10    464.46    496.33    159818    117034    239721 
2026-01-10 00:00:00      0      7.27      5.54      8.27      5.20      0.30      6.92     -4.22     -6.46     -1.93      0.30     -4.81      4.26    318.48    276.19    341.34      2.49    -60.16     35.82      3.92      0.11      6.05    478.07    402.19    496.49    181042     38880    249354 
2026-01-10 00:30:00      0      7.35      5.64      8.07      3.13     -3.22      5.49     -4.34     -7.23     -0.56      3.80     -5.49      6.89    300.63    193.48    347.22     33.99    -45.92     67.64      5.26      3.72      7.22    475.08    463.16    491.83    132733     88028    193151 
2026-01-10 01:00:00      0      7.83      5.54      8.62      0.73     -3.29      3.20     -2.33     -6.38      1.35      7.14      2.81      7.95    289.30     25.41    355.12     65.89     22.20     83.16      6.24      4.13      7.54    472.66    463.52    496.85    109850     78694    157332 
2026-01-10 01:30:00      0      8.62      4.91      9.03     -3.10     -5.11      1.62     -4.84     -7.35     -0.13      6.50      3.28      7.88    245.58    213.64    352.63     49.97     22.37     78.41      6.61      3.40     14.79    492.39    460.61    511.49    125365     98898    187205 
2026-01-10 02:00:00      0      8.83      6.73     10.26      1.18     -3.85      5.52     -3.37     -9.63      0.23      5.66     -2.14      9.08    297.30      2.99    356.07     43.28    -14.17     74.86      6.76      3.37      8.53    477.88    446.38    507.21    145157     85094    178941 
2026-01-10 02:30:00      0      9.00      8.24     10.34      2.19      1.12      5.08     -6.21    -10.08      1.66     -6.56     -8.60      1.41    303.04     37.27    348.54    -42.31    -77.70      7.85      5.30      2.80      7.05    471.15    451.61    485.79    144881     81629    230608 
2026-01-10 03:00:00      0      7.90      4.88      9.98     -0.43     -5.25      2.65     -6.20     -7.88     -2.67      1.61     -6.71      8.07    263.43    224.06    304.77     12.12    -50.60     66.42      4.70      3.22      6.01    483.22    464.83    498.79    162332    126410    199013 
2026-01-10 03:30:00      0      6.87      4.32      9.22      1.29     -1.65      5.55     -4.26     -5.65     -2.77     -1.07     -7.22      7.04    286.40    239.16    323.88    -11.34    -53.03     65.41      4.88      4.13      7.35    478.29    461.31    510.36    181495    115688    284779 
2026-01-10 04:00:00      0      7.73      5.93      8.87      0.41     -2.37      3.65     -3.32     -5.22     -0.89     -7.13     -8.24     -1.04    267.68    203.73    306.53    -65.17    -74.37     -9.54      5.03      3.96      6.59    476.91    462.92    503.60    136661     78957    206444 
2026-01-10 04:30:00      0      8.38      5.86      9.06     -2.54     -4.49      4.16     -2.26     -5.02      2.33     -6.91     -7.96      7.10    228.59      5.89    353.12    -52.80    -66.19     74.83      5.26      3.45      8.88    490.99    469.30    514.59    109994     82923    193394 
2026-01-10 05:00:00      0      6.08      5.40      7.17      3.40      0.63      5.32     -1.11     -2.47      1.79      4.85      0.84      6.94    351.33     17.49    358.75     52.13      8.47     75.53      4.21      3.26      5.33    479.17    466.12    490.87    121790     85977    186925 
2026-01-10 05:30:00      0      6.15      4.95      6.66      0.73     -2.46      3.89      0.78     -4.31      2.93     -5.89     -6.42      3.93     32.25     20.73    347.24    -71.51    -85.15     50.77      5.31      3.73      6.27    483.52    472.34    535.70     89317     77407    288656 
2026-01-10 06:00:00      0      5.95      5.25      6.53      1.14     -1.51      2.62     -3.63     -5.69     -0.38     -4.15     -6.37      1.12    288.04    206.01    350.72    -43.84    -77.27     11.48      4.05      2.08      5.42    481.25    474.51    497.71    105408     89683    141802 
2026-01-10 06:30:00      0      5.79      5.16      6.25      2.44     -0.57      3.40     -5.00     -5.73     -4.07     -0.79     -2.43      3.24    290.63    263.64    309.53     -8.20    -25.56     32.26      2.67      1.71      3.83    472.95    450.46    488.70    119448     71542    137240 
2026-01-10 07:00:00      0      5.76      5.42      7.30      1.60     -1.00      4.70     -3.70     -5.48      2.24     -1.81     -6.78      2.41    286.63     95.67    331.15    -19.32    -72.12     26.35      3.32      2.23      5.13    472.69    442.63    486.89    103003     76504    140700 
2026-01-10 07:30:00      0    -99999    -99999    -99999    -99999    -99999    -99999    -99999    -99999    -99999    -99999    -99999    -99999    -99999    -99999    -99999    -99999    -99999    -99999    -99999    -99999    -99999    -99999    -99999    -99999    -99999    -99999    -99999 
2026-01-10 08:00:00      0      6.25      5.52      6.43      0.29     -0.42      1.23      1.72     -0.75      2.87     -6.03     -6.30     -5.37     64.36     17.03    291.03    -74.03    -83.79    -62.36      4.68      3.00      5.37    479.99    468.71    503.14     98221     77738    283964 
2026-01-10 08:30:00      0      6.19      4.02      7.09      1.66     -0.07      5.34     -3.36     -6.45      0.35     -3.55     -5.96      0.43    310.56      1.07    354.83    -31.77    -70.24      3.79      3.52      1.33      5.21    465.85    441.39    512.23     93184     49504    194853 
2026-01-10 09:00:00      0      6.59      5.63      7.31      1.23     -0.58      3.49     -5.09     -6.98      1.74     -3.49     -5.67     -0.41    293.49     13.15    309.84    -33.64    -71.74     -3.54      3.40      0.78      5.75    475.46    448.96    506.70     87349     40475    186486 
2026-01-10 09:30:00      0      6.81      6.13      7.74      2.53      0.30      3.32     -2.18     -6.79      1.42     -5.62     -6.55     -1.97    318.81      2.71    356.72    -57.15    -79.57    -16.14      3.68      2.08     14.78    473.29    440.40    505.65     83496     32925    192981 
2026-01-10 10:00:00      0      7.72      7.51      8.56      2.33      1.89      2.86     -7.02     -8.15     -6.58     -2.04     -3.34     -1.35    288.46    284.54    292.75    -15.31    -25.32     -9.77      2.56      1.46      3.84    479.02    455.36    492.62     68717     15719    112026 
2026-01-10 10:30:00      0      8.21      7.27      9.03      2.48      1.85      3.31     -4.00     -7.32      1.92     -6.53     -8.47     -2.92    322.79      7.40    356.65    -53.88    -74.54    -23.65      4.30      1.67      6.67    480.67    434.41    496.63     64219     19039    106355 
2026-01-10 11:00:00      0      8.78      8.31      9.45      2.51      1.11      3.30      0.59     -1.32      4.05     -8.29     -9.22     -7.21     12.66      6.36    354.37    -70.60    -79.87    -55.78      3.19      1.47     12.40    479.01    464.17    518.09     44556     27105     82817 
2026-01-10 11:30:00      0      7.82      7.52      8.64      2.06      1.25      2.95     -1.56     -2.61     -0.76     -7.39     -8.38     -6.94    322.69    297.21    342.66    -71.01    -76.34    -65.91      3.22      1.81      5.16    478.15    468.08    495.28     44930     20881     79734 
2026-01-10 12:00:00      0      7.46      6.52      8.25      2.13      0.75      4.03      1.25     -3.94      2.86     -6.66     -7.64     -4.89      9.47      3.13    358.39    -63.65    -80.46    -48.68      3.77      0.62      8.18    477.62    447.46    495.03     38298     18560     98478 
2026-01-10 12:30:00      0      7.10      5.84      8.01      2.32      1.04      3.72      3.99      2.43      5.88     -5.81     -6.98     -0.60     61.81     51.31     72.76    -51.72    -66.93     -4.97      3.98      1.30      9.18    476.06    437.27    499.78     39419     16629    131129 
2026-01-10 13:00:00      0      7.15      6.91      7.45      2.91      2.29      3.94      4.78      3.83      5.51     -4.56     -5.22     -3.37     56.28     44.16     65.47    -38.65    -46.42    -29.06      5.13      0.27     10.02    486.31    471.00    499.90     19024     10157     61541 
2026-01-10 13:30:00      0      7.11      5.96      7.86      2.69      1.23      5.30      4.23      2.45      7.40     -3.54     -5.83     -1.02     53.98     24.85     79.36    -31.75    -57.09     -9.79      6.46      3.29     13.01    482.77    467.10    504.02     28361     11095    107309 
2026-01-10 14:00:00      0      7.53      6.56      8.02      2.06      0.97      2.93      3.49      1.00      4.48     -6.11     -7.58     -5.23     57.83     38.00     77.79    -54.98    -77.91    -51.36      4.97      0.22      9.84    479.59    462.00    498.74     14725     10376     30565 
2026-01-10 14:30:00      0      7.87      7.48      8.74      1.09     -1.61      2.13     -0.14     -6.61      1.08     -7.54     -8.70     -4.44    333.18      5.21    354.32    -74.24    -86.25    -33.14      5.94      0.67      9.06    479.05    452.97    488.98     22255     11137     56760 
2026-01-10 15:00:00      0      7.58      7.21      8.32     -0.17     -2.40      1.22     -3.03     -7.20     -0.95     -6.85     -7.93     -3.50    271.46    250.54    300.13    -66.89    -81.83    -24.90      5.80      1.23      9.34    471.47    454.23    479.64     31911     11530    186300 
2026-01-10 15:30:00      0      7.06      6.55      7.69      1.89      0.75      3.00     -2.34     -6.59     -1.28     -6.22     -6.83     -3.37    307.80    280.34    334.32    -62.89    -73.29    -26.71      8.26      6.30     15.15    472.03    459.90    577.18     22394     13274   2030603 
2026-01-10 16:00:00      0      7.39      6.78      7.76      1.86      1.24      2.22      0.38     -1.92      1.49     -7.11     -7.56     -6.15      5.23     10.56    357.25    -74.23    -77.04    -65.14      9.83      5.96     11.95    468.54    461.19    477.25     18134     10751     43564 
2026-01-10 16:30:00      0      6.91      6.55      7.52      2.74      1.42      3.35      0.51     -3.89      4.28     -6.16     -7.24     -4.29      8.08      9.12    347.78    -63.21    -74.65    -39.59      7.20      0.86     12.37    466.25    453.25    480.19     18115     10727     40513 
2026-01-10 17:00:00      0      7.35      5.33      7.66      2.44      0.53      4.13      1.53     -5.01      6.66     -5.87     -6.95     -1.63     26.80     22.38    337.32    -57.61    -69.82    -12.83      6.70      0.51     10.40    469.10    459.88    488.29     26189     11951     54578 
2026-01-10 17:30:00      0      8.22      7.78      8.69      4.24      3.44      4.96      5.42      1.72      6.73     -4.42     -7.10     -2.77     50.22     22.30     61.45    -33.24    -57.52    -19.51      6.26      1.43     10.67    465.32    442.17    479.92     24820     12563     75072 
2026-01-10 18:00:00      0      8.04      7.69      8.58      3.34      1.90      4.73      4.24      1.72      7.53     -4.98     -7.28     -2.91     50.43     22.30     75.83    -38.37    -58.02    -20.55      6.16      2.12      9.09    466.41    444.49    571.41     24442     14154   3129042 
2026-01-10 18:30:00      0      7.71      6.78      8.00      4.55      3.16      5.37      2.01      0.23      2.83     -5.86     -6.36     -4.82     21.38      3.29     31.55    -50.72    -62.82    -38.71      5.96      1.08      9.69    458.74    436.96    477.99     26877     16363     69369 
2026-01-10 19:00:00      0      6.63      4.69      7.68      3.37      0.75      4.75      1.27     -1.48      3.87     -4.84     -7.53     -3.30     11.44      4.17    342.70    -45.95    -80.70    -33.05      5.36      1.06     11.84    456.50    438.30    497.22     34851     20457    437826 
2026-01-10 19:30:00      0     14.39      6.15     18.91     -0.81     -3.97      2.05     12.33      2.60     16.27     -4.62    -18.30      4.15     95.49     58.96    146.76    -20.79    -75.91     15.43      5.04      1.62      9.09    570.41    464.18    611.96    224373     25360    459805 
2026-01-10 20:00:00      0     14.95     10.39     19.74     -0.45     -4.13      3.10      4.34     -4.66     13.36    -14.01    -19.27     -3.05     95.61     34.50    313.11    -68.23    -81.78    -12.79      7.30      3.16     49.77    589.00    415.00    629.01    303911     58782    530761 
2026-01-10 20:30:00      0     10.39      8.28     12.77     -2.42     -5.35      1.47      1.66     -5.69      5.02     -9.87    -11.72     -6.71    155.76     34.50    273.38    -70.44    -80.37    -49.65      3.78      0.91      6.61    575.13    541.18    582.31    245012    106798    345659 
2026-01-10 21:00:00      0      8.88      8.18     10.66     -2.06     -5.82      2.32     -0.29     -4.71      4.88     -8.07     -9.60     -5.29    199.89    138.09    322.12    -64.98    -86.52    -39.61      6.60      3.78     12.14    577.46    549.17    597.30    220420    130113    327699 
2026-01-10 21:30:00      0      9.74      4.61     12.37     -3.12     -5.02      8.37     -0.93     -5.02      3.51     -8.79    -10.32     -2.50    215.23     14.75    352.20    -65.65    -86.49    -32.90      5.06      2.07      6.60    563.43    539.71    569.84    147053     91181    218413 
2026-01-10 22:00:00      0      6.44      4.48      9.26     -1.20     -4.18      2.69     -3.42     -6.74      3.51     -4.99     -9.01     -1.74    257.34     65.10    313.89    -51.03    -83.89    -15.71    -99999    -99999    -99999    -99999    -99999    -99999    -99999    -99999    -99999 
2026-01-10 22:30:00      0      7.03      5.82      8.85      2.63     -0.33      5.83     -0.68     -5.91      3.23     -6.01     -8.52     -0.43    339.60      1.02    358.46    -56.57    -85.11     -3.79      3.53      0.40      8.87    551.45    536.78    570.53    218360    142804    297382 
2026-01-10 23:00:00      0      7.45      5.34      9.00      1.98     -0.37      6.54     -2.44     -5.50     -0.41     -5.94     -8.93     -0.42    309.84    263.29    353.63    -63.88    -83.21     -3.17      0.69      0.38      1.25    537.66    373.10    565.69    283792     61151    592780 
2026-01-10 23:30:00      0      9.51      7.16     15.29      8.14      6.27     11.32     -4.65     -9.03     -2.03      3.46     -1.44     10.18    329.90    307.85    346.32     19.69    -11.54     43.67      1.21      0.63      1.61    534.98    489.76    597.94    303028     91083   1370952 
2026-01-11 00:00:00      0     15.33     14.44     15.82      9.46      7.42     11.34     -9.25    -12.96     -3.20      7.49     -3.31     12.14    317.54    302.23    341.29     31.26    -12.11     51.13      1.02      0.46      5.10    526.71    481.61    572.70    210259    104050    892625 
2026-01-11 00:30:00      0     16.09     15.69     16.85      9.82      9.06     11.16    -12.31    -13.34    -10.80     -4.45     -6.08     -2.19    309.61    304.48    315.25    -16.06    -22.34     -7.82      0.82      0.34      1.21    529.99    487.82    587.26    416431    198630   1330505 
2026-01-11 01:00:00      0     15.02     14.05     16.35      9.22      7.93     10.27    -12.13    -13.00     -9.93      0.40     -3.59      5.39    307.44    302.01    312.67      1.39    -12.92     21.91      0.73      0.32      1.03    527.23    477.51    585.47    468586    147459   1046568 
2026-01-11 01:30:00      0     14.64     14.13     14.79      8.53      6.95     10.05    -11.82    -12.53     -7.45      0.47     -1.69      6.99    308.29    298.99    322.63      1.87     -6.59     29.66      0.58      0.53      0.70    528.46    505.99    568.63    401405    259341   1015179 
2026-01-11 02:00:00      0     14.03     13.71     14.16      6.77      5.71      9.76     -7.45     -8.44     -6.93      9.39      6.99     10.16    314.06    304.10    322.63     43.25     29.66     45.88      0.54      0.54      0.54    505.99    505.99    528.10    259341    259341    310561 

2026-01-11 04:00:00      0     12.37     11.70     13.68      6.66      4.05      7.74    -10.04    -11.67     -8.83     -1.60     -6.49      3.00    300.56    289.24    310.32     -7.84    -28.71     14.06      1.47      0.97      1.82    542.96    509.22    565.51    396761    267075    501214 
2026-01-11 04:30:00      0     13.76     13.70     13.88      4.85      3.97      6.77    -11.48    -12.00    -10.55     -5.79     -8.04     -4.51    293.69    288.96    301.74    -24.87    -35.47    -19.07      1.26      1.05      1.61    535.23    523.54    549.60    348283    321484    429464 
2026-01-11 05:00:00      0     13.72     13.37     13.80      3.20      0.80      5.92    -11.05    -12.00     -9.98     -6.86     -8.80     -4.75    287.38    274.47    298.01    -29.97    -40.71    -20.25      1.21      0.99      1.51    544.69    525.27    564.42    364684    290167    474835 
2026-01-11 05:30:00      0     13.56     11.78     13.81      4.67      2.63     10.40    -10.36    -11.33     -6.32     -6.84     -9.41      2.86    297.51    285.60    328.69    -31.19    -43.93     13.25      1.53      1.13      1.92    530.21    516.24    542.86    299193    257887    498195 
2026-01-11 06:00:00      0     12.84     12.01     13.11      6.46      2.26      9.13    -10.36    -10.81     -7.06     -2.16     -8.78      5.18    302.07    283.57    322.29    -10.39    -42.38     24.15      1.80      1.21      2.48    531.02    509.59    549.89    312862    264354    408420 
2026-01-11 06:30:00      0     12.23     11.95     12.46      8.42      7.08      9.33     -8.75     -9.71     -7.46     -1.60     -5.70      0.38    313.79    306.11    321.36     -7.46    -28.50      1.77      2.01      1.59      2.52    524.61    515.28    532.43    324081    304261    388626 
2026-01-11 07:00:00      0     12.19     11.78     12.36      7.92      6.27      9.11     -8.94     -9.43     -7.79     -2.14     -4.49     -0.38    311.75    305.18    319.46    -10.04    -22.44     -1.80      2.24      0.90      3.16    528.35    458.44    548.24    302405    123988    414703 
2026-01-11 07:30:00      0    -99999    -99999    -99999    -99999    -99999    -99999    -99999    -99999    -99999    -99999    -99999    -99999    -99999    -99999    -99999    -99999    -99999    -99999    -99999    -99999    -99999    -99999    -99999    -99999    -99999    -99999    -99999 
2026-01-11 08:00:00      0     11.59     11.31     11.78      7.77      6.15      8.84     -8.03     -8.90     -7.11     -2.80     -5.03      0.17    314.53    305.18    321.19    -14.05    -25.37      0.85      2.53      1.69      2.65    517.92    488.27    523.54    263832    162339    296719 
2026-01-11 08:30:00      0     11.54     11.20     11.90      6.25      5.54      9.20     -8.61     -9.04     -6.35     -4.44     -5.47      1.48    308.06    301.64    325.39    -22.22    -27.34      7.53      2.44      2.13      2.92    516.88    511.95    527.03    204605    183471    316184 
2026-01-11 09:00:00      0     11.31     11.14     11.70      5.58      4.28      5.92     -8.90     -9.88     -8.12     -4.37     -6.16     -3.68    300.68    293.63    305.62    -22.71    -32.97    -18.71      2.33      0.56      3.00    528.82    451.70    539.85    233560     42601    258456 
2026-01-11 09:30:00      0     11.31     11.11     11.63      4.81      3.99      6.12     -8.96     -9.23     -6.31     -5.13     -7.11     -4.42    300.24    294.72    314.13    -27.08    -38.95    -23.33      2.56      0.10      4.17    520.05    442.13    546.15    192933     27910    245095 
2026-01-11 10:00:00      0     10.79     10.35     11.58      5.02      4.19      6.00     -7.67     -9.23     -6.42     -5.73     -6.38     -4.81    303.50    295.17    311.57    -32.02    -37.27    -25.04      3.19      1.60      4.53    537.64    505.16    548.49    201293    153002    254450 
2026-01-11 10:30:00      0     10.63     10.06     10.92      4.83      3.03      5.16     -7.74     -8.65     -6.83     -5.61     -6.43     -5.00    300.65    289.87    307.04    -32.10    -36.40    -28.38      3.27      2.71      4.81    536.88    527.99    547.77    174524    116840    223367 
2026-01-11 11:00:00      0     10.43     10.12     10.66      2.83      2.47      3.41     -7.95     -8.52     -7.12     -6.08     -6.77     -5.12    289.89    286.88    295.59    -35.74    -40.62    -29.47      4.03      2.91      5.15    541.52    525.46    547.70    128840    117611    150231 
2026-01-11 11:30:00      0     10.11      9.93     10.49      3.04      2.61      3.55     -7.26     -7.96     -6.84     -6.33     -6.66     -6.07    292.77    288.13    297.29    -38.76    -40.52    -36.59      3.36      2.50      3.97    542.16    536.24    546.23    145110    112788    189643 
2026-01-11 12:00:00      0     10.13      9.77     10.30      3.25     -1.11      3.73     -7.14     -8.92     -6.01     -6.38     -7.12     -4.68    287.96    262.87    301.83    -39.00    -45.17    -28.28      2.96      2.05      3.88    531.08    509.41    544.65    163900    130517    199908 
2026-01-11 12:30:00      0      9.64      9.31     10.11      0.59     -2.76      3.89     -5.79     -6.96     -5.05     -7.07     -8.50     -6.58    279.31    244.52    305.76    -46.87    -58.70    -42.91      3.68      2.20      6.46    525.95    481.00    547.79    130706     62247    219412 
2026-01-11 13:00:00      0      9.72      9.04     10.27     -2.26     -4.81      0.28     -5.36     -6.95     -4.72     -7.81     -8.79     -5.37    248.28    234.90    272.89    -53.36    -61.36    -32.45      4.61      2.52      9.77    513.44    468.74    533.62    122529     51618    228979 
2026-01-11 13:30:00      0      9.48      9.08     10.09     -1.47     -2.35     -0.67     -5.04     -6.24     -3.51     -7.79     -9.01     -7.20    253.38    244.80    261.65    -55.42    -68.01    -51.09      6.34      3.50      7.80    524.35    457.77    557.60    111968     44342    158945 
2026-01-11 14:00:00      0     10.29      9.65     10.59     -0.03     -2.77      1.29     -4.65     -6.14     -1.84     -9.13     -9.79     -8.01    263.18    218.41    283.68    -62.23    -73.65    -51.90      2.55      1.43     13.45    520.81    449.04    689.52    140841     51638    611027 
2026-01-11 14:30:00      0     10.92     10.61     11.02     -1.58     -2.77      0.12     -3.51     -5.00     -2.54    -10.24    -10.46     -9.35    244.86    222.74    271.39    -68.79    -73.29    -61.85      2.12      1.65      4.70    521.26    474.08    551.52    120608     55527    210403 
2026-01-11 15:00:00      0     10.62     10.29     10.94     -0.83     -2.16     -0.13     -3.07     -5.32     -1.70    -10.13    -10.47     -9.25    252.46    222.41    268.13    -72.91    -79.84    -59.82      1.82      1.39      3.21    514.84    488.86    538.58    124544     56453    207442 
2026-01-11 15:30:00      0     10.62     10.44     10.87     -0.91     -1.62     -0.11     -2.74     -4.84     -1.68    -10.22    -10.60     -9.62    251.20    225.99    267.72    -74.71    -77.56    -63.04      1.91      0.64      3.36    513.65    446.78    536.55    107162     40292    230723 
2026-01-11 16:00:00      0     10.36     10.00     10.86     -0.60     -3.16      0.40     -2.36     -5.30      1.36    -10.02    -10.35     -9.48    232.44    152.14    278.73    -75.83    -82.25    -60.78      3.46      1.74     15.51    508.40    466.06    539.40     89751     35642    238372 
2026-01-11 16:30:00      0      7.20      6.00     10.08      0.31     -2.78      4.69     -0.74     -4.48      1.29     -6.71     -9.78     -4.24    279.50      1.18    354.16    -78.55    -86.41    -35.06      7.20      5.45     10.23    515.40    488.93    528.21     64139     34106     92343 
2026-01-11 17:00:00      0      6.91      5.64      7.70      2.48      0.38      5.08     -3.82     -6.03      0.18     -5.45     -6.50     -0.53    318.59      0.56    351.85    -51.78    -85.20     -4.07      8.44      2.56     11.74    523.87    518.26    534.18     55975     29210     66840 
2026-01-11 17:30:00      0      8.35      7.43      9.41      4.84      3.84      6.18     -6.06     -7.39     -4.59     -2.63     -3.94      0.05    310.34    301.87    322.45    -18.18    -25.50      0.39      2.76      1.06      3.95    531.56    496.56    544.32     29732     16957     93163 
2026-01-11 18:00:00      0      9.02      8.07      9.99      4.09      2.38      4.72     -6.84     -7.89     -5.51     -4.64     -6.29     -3.32    300.92    292.13    308.34    -30.40    -44.09    -21.45      1.73      1.21      2.56    529.70    517.43    542.13     40615     23757     59708 
2026-01-11 18:30:00      0      9.21      4.71      9.92      3.97      2.70      5.54     -2.32     -7.36      0.27     -5.04     -9.40     -1.34    330.47      0.78    357.97    -38.23    -71.43    -16.43      2.22      0.55      3.75    532.98    519.55    565.03     24734     11672     70593 
2026-01-11 19:00:00      0      5.96      3.40      9.19      4.81      2.54      8.20     -0.76     -3.46      2.80     -3.35     -5.96     -1.73    350.65      1.62    359.12    -34.64    -60.34    -13.55      2.65      0.98      4.84    538.72    491.80    586.01     38043     19064    228392 
2026-01-11 19:30:00      0      5.92      3.99      9.62      4.77      3.65      8.96     -0.64     -4.73      1.10     -2.92     -7.77      0.11    350.53      0.62    358.92    -29.96    -54.52      1.61      2.96      0.45      6.90    536.88    505.22    550.73     43217     23777     75466 
2026-01-11 20:00:00      0      9.47      9.08      9.61      5.14      4.56      8.12     -2.52     -5.78      2.88     -7.26     -7.89     -4.54    339.97      1.73    358.56    -50.51    -56.20    -29.18      2.59      1.00      4.29    539.53    518.66    579.10     44212     23872    376435 
2026-01-11 20:30:00      0      9.32      8.82     10.08      4.33      0.61      5.59     -4.59     -9.87     -1.56     -6.77     -7.93     -1.97    312.62    273.55    341.45    -46.31    -58.26    -11.27      1.66      0.26      3.87    537.85    489.83    560.58     30159     19358    110150 
2026-01-11 21:00:00      0      9.10      8.69      9.36      3.77      1.62      4.94     -6.62     -8.32     -3.40     -5.42     -7.10     -3.86    301.14    281.52    321.27    -36.82    -52.57    -24.65      1.46      0.13      2.34    540.30    513.75    569.46     35363     19973     70482 
2026-01-11 21:30:00      0      8.90      8.59      9.40      2.71      1.34      4.47     -5.69     -8.06     -4.38     -5.82     -7.38     -4.08    296.90    284.25    313.66    -42.01    -54.54    -26.38      1.58      0.53      2.77    544.24    531.33    560.02     43105     19858     80702 
2026-01-11 22:00:00      0      8.58      8.17      8.82      3.80      2.42      4.72     -4.75     -6.67     -2.13     -6.34     -7.24     -3.59    310.33    292.76    333.93    -46.92    -59.66    -24.63      1.29      0.45      2.09    535.89    522.30    545.44     55010     20599    108629 
2026-01-11 22:30:00      0      8.14      7.63      8.70      6.14      3.69      6.79     -1.09     -6.75      3.45     -4.35     -6.20     -2.96    348.49      1.18    359.02    -33.25    -47.87    -21.12      1.40      0.55      4.27    528.22    516.41    543.38     81685     40747    138354 
2026-01-11 23:00:00      0      8.03      7.46      8.55      2.70      0.39      5.86     -4.96     -7.98      3.20     -5.50     -6.07     -2.56    303.45     14.89    335.65    -43.53    -49.73    -17.77      0.83      0.24      1.59    542.62    526.74    566.93     67267     56678    134734 
2026-01-11 23:30:00      0      7.46      7.20      7.85      3.73      2.40      5.28     -4.25     -5.47     -3.13     -4.77     -5.14     -3.71    312.47    293.67    329.33    -38.97    -43.40    -30.59      0.86      0.44      1.21    540.68    520.63    560.49    107732     60128    143454 
2026-01-12 00:00:00      0      7.36      7.00      7.73      3.92      1.42      5.91     -4.61     -7.10     -2.27     -3.72     -6.11     -1.13    311.59    281.34    334.47    -30.62    -55.90     -9.07      0.62      0.10      1.88    540.08    499.23    588.78    114592     37767    326058 
2026-01-12 00:30:00      0      6.97      6.53      7.26      4.28      2.93      6.16     -3.53     -5.20     -1.87     -3.74     -5.53      1.88    320.19    300.64    342.92    -34.97    -50.90     15.99      0.67      0.13      1.49    527.02    498.64    560.42     69459     35599    244133 

2026-01-12 03:00:00      0      6.78      6.66      7.50      3.03      1.57      4.10      4.81      3.78      5.77     -3.57     -5.02     -2.09     57.53     42.84     74.53    -31.72    -46.15    -18.24      1.06      0.76      1.24    532.56    519.79    575.94     84688     62107    105019 
2026-01-12 03:30:00      0      6.81      6.57      7.18      2.78      1.35      4.28      5.55      4.42      6.21     -2.95     -4.08     -0.42     62.38     48.35     77.74    -25.37    -36.37     -3.67      1.01      0.73      1.23    532.98    521.78    553.20     86971     67685    125054 
2026-01-12 04:00:00      0      6.76      6.58      7.08      3.53      2.51      4.28      5.23      4.41      6.23     -1.79     -4.26      0.56     55.98     49.40     66.31    -15.77    -37.62      4.67      1.04      0.46      1.19    530.63    501.04    542.81     78863     31741    102063 
2026-01-12 04:30:00      0      6.77      6.50      7.32      3.73      2.43      4.53      4.76      0.42      5.77     -3.30     -5.26     -2.44     45.41      6.01     67.16    -28.05    -52.58    -21.10      1.05      0.87      1.57    527.83    513.95    546.99     75733     64619     95605 
2026-01-12 05:00:00      0      6.48      6.11      6.75      4.31      3.31      5.51     -0.95     -4.88      4.68     -3.47     -4.76     -1.72    353.41      2.10    355.94    -32.51    -46.81    -15.47      1.11      0.15      2.53    517.24    498.48    544.56     87298     39699    228046 
2026-01-12 05:30:00      0      6.14      5.82      6.46      5.09      3.33      5.98      0.52     -2.60      5.46     -2.56     -3.79     -0.89      7.53      1.42    350.06    -24.69    -37.79     -7.89      1.42      0.75      1.98    505.74    500.02    528.31    128398     84245    230517 
2026-01-12 06:00:00      0      6.37      5.82      7.13      4.62      2.36      5.67     -1.61     -5.65      4.48     -3.34     -4.80     -0.86    346.08     15.01    354.02    -31.62    -46.75     -7.27      1.61      0.18      2.03    508.58    502.33    546.06     94986     74327    147961 
2026-01-12 06:30:00      0      6.63      6.06      6.80      3.07      2.89      4.19     -1.44     -2.82      1.07     -5.11     -6.06     -4.29    342.22     20.42    345.74    -55.97    -63.06    -40.34      1.81      1.12      3.84    520.60    512.05    538.77     78683     57475     99647 
2026-01-12 07:00:00      0      6.64      5.90      7.61      4.51      2.01      5.97     -3.15     -6.90     -0.16     -3.20     -5.44      2.51    326.49    286.27    358.06    -28.10    -48.66     19.26      1.44      0.23      2.24    511.08    495.08    540.21    128500     68077    254426 
2026-01-12 07:30:00      0    -99999    -99999    -99999    -99999    -99999    -99999    -99999    -99999    -99999    -99999    -99999    -99999    -99999    -99999    -99999    -99999    -99999    -99999    -99999    -99999    -99999    -99999    -99999    -99999    -99999    -99999    -99999 
2026-01-12 08:00:00      0      7.46      6.54      7.64      3.03      2.01      4.79     -6.69     -6.91     -4.84      1.24     -0.92      2.51    295.20    286.27    314.70      9.65     -7.73     19.26      0.45      0.23      0.93    519.03    500.25    540.21     76518     58353    123644 
2026-01-12 08:30:00      0      7.51      6.92      8.75      2.55      1.28      5.23     -6.98     -8.22     -3.06      1.16     -3.74      2.86    297.99    280.01    329.33      8.58    -31.98     21.30      0.53      0.10      3.75    514.62    482.17    543.30     56594     20500    108101 
2026-01-12 09:00:00      0      7.34      6.51      7.74      3.48      2.04      4.89     -6.31     -7.30     -2.05     -0.50     -4.57      0.86    301.44    286.05    334.76     -3.85    -43.55      6.74      1.03      0.38      1.84    515.26    496.31    547.17     60796     36942    125511 
2026-01-12 09:30:00      0      7.38      6.46      8.11      5.03      0.31      6.55     -5.10     -7.70     -1.60     -0.55     -3.74      4.16    311.81    272.69    344.65     -4.20    -32.69     30.86      1.40      0.19      1.93    497.58    474.50    558.99     71481     41250    205877 
2026-01-12 10:00:00      0      8.25      7.10      8.68      1.08     -1.32      4.86     -6.81     -7.75     -5.18      3.89     -3.97      6.57    281.41    259.68    310.05     28.16    -30.08     50.72      0.27      0.19      1.70    555.71    497.97    570.25     50205     35130    117682 
2026-01-12 10:30:00      0      8.20      7.58      8.94      4.52      3.19      5.33     -6.22     -7.29     -3.37      2.65     -0.59      6.37    307.95    300.02    319.32     18.86     -4.31     52.28      0.58      0.21      2.02    504.85    490.61    529.27     80037     51622    111778 
2026-01-12 11:00:00      0      8.04      7.08      9.30      2.88     -1.28      3.82     -5.06     -7.85     -2.19      5.71      1.25      8.60    293.50    252.28    326.28     47.68      8.37     67.56      0.39      0.10      1.86    524.45    504.71    605.20     69135     38354    105755 
2026-01-12 11:30:00      0      6.38      5.15      9.13     -1.87     -3.21      2.94     -5.38     -8.53     -4.45      2.39     -0.73      6.31    259.71    235.27    292.72     17.95     -7.43     46.81      0.43      0.27      1.00    561.38    549.80    591.62     79693     54697    174495 
2026-01-12 12:00:00      0      4.80      3.51      5.35     -0.09     -2.41      2.48     -3.90     -5.18     -2.09     -2.28     -4.71      1.57    270.19    231.67    304.34    -26.84    -64.25     20.20      1.20      0.13      2.18    541.00    515.89    581.79     70794     32615    113869 
2026-01-12 12:30:00      0      4.86      4.34      5.32      1.22     -0.94      2.48     -4.57     -4.94     -3.63     -0.80     -1.98      1.08    285.40    258.54    304.34     -9.41    -25.57     13.10      1.24      0.51      2.16    523.92    503.42    556.60     73699     56019    107402 
2026-01-12 13:00:00      0      4.51      3.72      5.67      1.85      0.97      2.63     -3.89     -5.03     -2.92     -0.95     -2.94      1.67    294.76    282.05    306.22    -11.70    -37.61     21.28      0.52      0.28      1.73    519.19    508.08    542.47     89063     58198    152219 
2026-01-12 13:30:00      0      5.10      3.32      5.66      1.96     -2.94      4.27     -3.83     -5.18      0.89     -0.35     -3.79      3.80    302.05     13.02    350.57     -4.22    -43.96     44.93      1.40      0.57      5.66    517.64    487.17    580.83    116315     65540    309818 
2026-01-12 14:00:00      0      4.87      4.09      5.77     -2.16     -4.16      0.42     -4.22     -5.10     -3.06      0.23     -1.28      1.22    244.27    217.71    275.59      2.92    -15.10     14.85      0.91      0.58      1.33    569.08    545.67    594.92    166099    109599    257826 
2026-01-12 14:30:00      0      4.77      2.98      5.41      2.51     -2.81      3.92     -3.46     -4.81     -2.39     -1.65     -3.43      2.19    299.97    233.55    327.78    -20.26    -39.38     24.82      1.85      0.77      2.22    538.58    516.55    585.50    197731    129618    321468 
2026-01-12 15:00:00      0      7.04      6.79      7.42     -0.49     -1.21      1.88     -6.59     -7.34     -4.72      0.45     -4.87      3.54    269.99    259.48    291.70      3.71    -43.79     29.59      0.90      0.66      1.57    561.27    537.05    612.06    210439    129666    350243 
2026-01-12 15:30:00      0      6.42      5.42      7.01      2.34     -1.52      3.97     -4.80     -6.77      2.38     -2.03     -5.96      3.11    316.49      1.21    331.73    -22.02    -66.83     26.36      1.60      0.66      5.62    553.57    497.87    608.56    232213    115388    445528 
2026-01-12 16:00:00      0      6.37      5.64      8.13      2.62      1.57      3.63     -2.92     -6.49     -0.06     -4.84     -5.87     -1.61    314.26    283.56    358.71    -51.26    -66.69    -13.58      1.93      1.34      3.35    547.30    505.36    570.31    254501     99541    438264 
2026-01-12 16:30:00      0      6.70      5.46      8.08      0.03     -2.23      3.40     -5.36     -8.06     -1.10      1.18     -5.40      6.36    280.59    241.88    341.29      9.54    -57.95     53.03      1.57      0.93      4.28    582.14    518.23    637.55    293251    167417    456466 
2026-01-12 17:00:00      0      6.18      5.72      7.23      2.18     -0.76      3.28     -3.94     -6.76      0.19     -4.48     -5.66     -2.22    302.78      0.62    336.77    -45.44    -67.52    -18.05      1.65      1.18      2.30    563.58    531.68    602.05    297384    131198    389938 
2026-01-12 17:30:00      0      6.29      5.47      7.28      3.04      0.37      4.38     -2.76     -5.39     -0.46     -4.62     -5.78     -1.77    317.50    273.88    351.39    -49.42    -65.60    -17.68      1.58      0.82      4.06    554.59    527.49    607.04    279964    189851    390842 
2026-01-12 18:00:00      0      6.18      5.17      7.72      1.97     -5.01      3.84     -2.44     -4.67      1.74     -4.93     -6.06     -2.55    281.15      4.50    356.16    -53.85    -76.42    -22.85      1.45      0.10      3.31    566.10    479.95    666.54    272778     73812    485352 
2026-01-12 18:30:00      0      5.93      4.79      7.14     -2.11     -4.26      2.15     -2.11     -4.59      0.63     -5.00     -6.25     -2.12    233.38    169.82    305.01    -56.87    -72.84    -22.37      1.28      0.58      2.16    612.58    537.27    665.44    264639     96247    355858 
2026-01-12 19:00:00      0      5.80      3.83      6.86      1.70     -3.58      5.33     -3.66     -5.89     -0.05     -3.10     -4.80     -0.50    299.39    237.09    359.16    -34.33    -51.83     -7.44      1.45      0.39      2.14    572.20    471.13    661.29    302607     57598    553895 
2026-01-12 19:30:00      0      6.65      5.65      7.82      3.52      1.10      5.56     -2.86     -5.46      0.63     -4.90     -5.95     -2.80    323.55     10.16    357.41    -45.02    -61.78    -29.74      1.09      0.50      1.77    568.86    527.50    600.57    221446     81545    327629 
2026-01-12 20:00:00      0      6.64      6.19      8.01      4.47      1.48      5.63     -1.39     -6.51      2.88     -4.24     -5.79     -2.93    341.88      4.16    358.93    -40.17    -54.17    -26.69      1.25      0.57      1.82    556.24    507.22    581.33    181521     87644    277525 
2026-01-12 20:30:00      0      6.71      6.18      7.30      4.09      2.50      5.08      1.92     -1.34      4.63     -4.90     -6.74     -2.74     18.64      5.44    354.70    -46.84    -67.34    -24.22      1.91      1.22      2.28    565.24    516.67    612.59    161195     76419    371114 
2026-01-12 21:00:00      0      6.83      6.05      7.69      3.36      2.32      4.18      0.22     -1.97      2.91     -5.91     -6.71     -4.55     10.09      0.03    359.14    -56.59    -68.79    -47.66      1.61      0.20      2.04    563.20    496.69    615.84    187147     35373    327763 
2026-01-12 21:30:00      0      6.66      5.99      7.19      5.10      3.84      6.19      0.92     -2.77      4.09     -3.89     -5.65      0.57      7.87      3.24    359.43    -37.38    -54.72      5.00      1.62      1.07      2.31    574.83    502.16    600.86    191345     69256    461393 
2026-01-12 22:00:00      0      6.09      5.70      6.76      4.12      1.63      5.79      0.08     -5.87      3.07     -3.43     -4.79      2.12    345.99      1.18    343.50    -35.40    -51.53     20.66      1.63      0.21      2.06    576.78    542.58    628.34    281383    142869    497833 
2026-01-12 22:30:00      0      6.33      5.75      7.52      4.30      0.94      5.97     -0.07     -4.39      3.10     -4.21     -6.57     -1.63    351.09      4.78    359.29    -42.35    -60.89    -15.20      1.34      0.72      1.78    578.96    562.74    599.32    350829    206253    442877 
2026-01-12 23:00:00      0      6.33      6.04      6.59      5.89      5.56      6.49     -0.30     -1.04      2.19     -2.15     -3.38     -0.07      0.35      1.75    359.73    -19.27    -30.84     -0.60      1.44      1.14      1.85    561.72    544.70    574.64    299643    100534    413967 
2026-01-12 23:30:00      0      6.60      6.32      7.03      5.88      4.91      6.45     -0.55     -3.01      1.27     -2.61     -4.07     -1.14    354.52      2.23    358.60    -23.42    -37.57    -10.02      1.32      1.02      1.57    555.18    542.79    574.30    121955     92543    372824 
2026-01-13 00:00:00      0      6.74      5.95      7.24      4.03      1.64      5.35     -1.47     -5.33     -0.22     -4.93     -6.12     -3.56    338.26    287.08    357.65    -47.06    -62.02    -36.36      1.35      1.12      1.57    574.45    567.91    590.50    275004    222709    319326 
2026-01-13 00:30:00      0      6.25      5.94      6.89      5.49      3.38      6.13     -0.81     -5.38      2.24     -2.29     -4.92     -0.80    353.13      1.24    358.72    -21.46    -45.55     -7.41      1.46      0.68      1.67    570.58    546.92    586.33    283495    154757    353511 
2026-01-13 01:00:00      0      6.90      5.98      8.11      1.32     -0.32      3.87     -5.80     -7.61     -4.34     -2.65     -4.92     -1.68    285.33    266.44    305.33    -21.84    -38.05    -14.32      0.68      0.42      1.05    597.46    583.80    615.35    206969    109891    295104 
2026-01-13 01:30:00      0      6.44      4.64      7.43      1.99     -1.46      2.99     -3.60     -7.21      0.48     -4.92     -6.22      3.45    306.93     13.67    355.42    -53.66    -71.79     30.90      1.07      0.37      1.74    591.87    571.65    641.72    212846    119353    302741 
2026-01-13 02:00:00      0      6.62      5.52      7.45      3.09     -0.54      4.41     -4.48     -6.97     -2.00     -3.84     -5.21      1.38    305.69    265.13    327.44    -35.16    -55.71     11.20      0.87      0.53      1.38    578.24    570.90    639.99    275541    155750    380643 
2026-01-13 02:30:00      0      7.28      6.11      8.06      3.16     -3.36      4.53     -4.71     -7.56     -3.02     -3.05     -5.56      3.65    287.00    241.56    324.74    -23.97    -48.92     28.85      0.88      0.51      1.13    576.07    559.63    600.47    232250    165216    291091 
2026-01-13 03:00:00      0      7.41      6.58      8.29     -1.63     -3.21      1.52     -6.50     -7.85     -2.83      1.08     -6.71      3.67    260.51    243.90    295.54      8.35    -64.92     28.89      0.81      0.65      0.99    569.62    557.59    594.77    274124    219704    339825 
2026-01-13 03:30:00      0      6.92      6.42      7.80     -1.16     -3.44      1.72     -3.67     -6.41      2.01      3.70     -7.10      6.33    260.25     88.30    355.88     31.01    -82.87     68.13      1.11      0.92      1.46    580.61    570.07    609.96    232385    194635    383563 
2026-01-13 04:00:00      0      6.79      6.13      7.62     -1.11     -3.06      0.48     -4.23     -5.62     -2.79      5.21      2.40      5.91    251.16    222.33    274.90     49.66     23.08     61.10      0.85      0.58      1.46    576.37    564.91    592.96    208279    138888    342114 
2026-01-13 04:30:00      0      4.82      4.27      5.82      3.81     -1.07      4.64     -2.68     -4.48      2.97     -0.31     -2.44      4.00    328.69      0.45    354.98     -3.50    -31.11     43.49      1.18      0.91      1.64    528.19    499.12    603.49    310963     71001    399953 
2026-01-13 05:00:00      0      4.40      3.51      5.64      2.77      1.75      3.54     -2.99     -4.78     -1.51     -1.52     -2.41      0.04    312.10    299.88    333.47    -19.66    -35.30      0.47      1.08      0.98      1.34    546.33    518.65    567.19    402133    181722    593276 
2026-01-13 05:30:00      0      4.98      3.54      6.78      3.02      2.25      3.69     -3.52     -5.95      0.45     -2.23     -3.24     -0.99    317.41      7.68    345.63    -26.64    -43.69     -8.37      1.04      0.85      1.25    544.37    520.02    567.19    475580    201056    593276 
2026-01-13 06:00:00      0      6.45      5.61      6.86      4.46      2.06      5.24     -4.55     -5.60     -1.57     -0.36     -2.27      3.90    313.93    291.56    341.30     -3.71    -21.13     38.50      1.07      0.64      1.45    538.53    513.51    575.70    385882    210652    632780 
2026-01-13 06:30:00      0      6.99      6.32      7.82      3.95      1.95      5.96     -4.95     -5.91     -2.67      0.42     -3.41      6.07    311.15    289.59    335.87      3.44    -30.38     50.95      1.22      1.04      1.53    545.22    533.60    557.71    366578    282134    585342 
2026-01-13 07:00:00      0      6.90      6.78      7.59      5.00      2.70      5.79     -4.57     -5.02      3.66     -2.12     -5.10     -0.62    324.54     53.59    333.40    -18.22    -48.33     -5.04      1.31      1.23      2.67    539.15    527.99    557.61    341622    258018    510080 
2026-01-13 07:30:00      0    -99999    -99999    -99999    -99999    -99999    -99999    -99999    -99999    -99999    -99999    -99999    -99999    -99999    -99999    -99999    -99999    -99999    -99999    -99999    -99999    -99999    -99999    -99999    -99999    -99999    -99999    -99999 
2026-01-13 08:00:00      0      6.94      5.85      7.64      3.12      1.55      4.77      3.18     -6.83      5.12     -4.79     -5.80      2.10     20.58     36.37    343.54    -40.97    -51.04     16.63      1.17      0.70      2.67    544.30    519.23    557.13    271091    252905    421936 
2026-01-13 08:30:00      0      7.65      6.70      8.14      1.87      0.92      3.07     -6.61     -7.23     -4.64      3.53      2.51      4.50    286.05    277.46    303.55     27.51     19.12     37.67      0.24      0.11      0.70    566.47    550.38    601.41    493113    302785    808590 
2026-01-13 09:00:00      0      7.15      6.10      8.14      2.47      1.30      3.55     -6.07     -6.93     -4.93      2.71     -1.26      3.76    291.73    280.65    305.75     21.71    -10.20     31.82      0.38      0.14      0.46    590.46    473.02    599.76    500744     68520    777935 
2026-01-13 09:30:00      0      6.36      5.82      7.61      3.61      2.80      5.06     -4.91     -6.21     -3.35      0.20     -4.04      4.01    307.61    297.20    325.43      1.92    -40.28     36.73      0.38      0.10      0.50    551.15    444.20    577.07    646432     38259    804735 
2026-01-13 10:00:00      0      7.15      6.12      8.12      2.80      2.07      4.23     -6.17     -7.61     -3.98      2.42      0.89      3.60    298.98    286.80    314.16     20.97      7.00     30.28      0.17      0.12      0.44    538.94    512.02    609.95    587367    338713    857983 
2026-01-13 10:30:00      0      7.15      6.32      8.39      2.61      0.25      3.58     -6.18     -6.77     -5.83      2.71     -1.11      4.39    288.84    272.19    300.06     22.06     -9.62     31.59      0.11      0.10      0.21    538.94    459.40    611.21    556611     57364   1074479 
2026-01-13 11:00:00      0      4.55      2.32      7.33      0.45     -0.44      1.56     -1.45     -6.46      0.78     -3.80     -4.95      3.25    283.55     68.21    348.90    -68.20    -86.19     26.29      0.18      0.10      0.22    587.59    555.56    616.71    294645    134236    953395 
2026-01-13 11:30:00      0      3.99      2.18      5.45      1.18      0.22      2.10      0.00     -3.10      1.20     -3.89     -5.20     -0.37    344.32      0.54    360.00    -70.63    -83.44     -5.67      0.21      0.18      0.33    593.82    552.05    622.63    644485    267891    992571 
2026-01-13 12:00:00      0      2.23      1.46      4.28      1.59      0.84      2.11     -0.18     -1.04      1.24     -1.27     -4.10      0.34    354.19     18.97    359.77    -36.38    -73.47     11.07      0.33      0.10      0.36    576.08    428.62    592.24    526715     51422    644485 
2026-01-13 12:30:00      0      1.55      1.08      2.26      1.07      0.76      1.67     -0.98     -1.54      0.09      0.28     -0.22      0.89    324.27      4.40    341.79     12.25     -7.02     28.91      0.34      0.32      0.43    554.92    537.08    573.04    427610    399510    475291 
2026-01-13 13:00:00      0      1.61      1.25      2.96      1.18      0.60      2.49     -0.17     -0.97      1.14     -1.05     -2.05      0.88    351.66      1.78    357.39    -31.27    -55.56     39.09      0.30      0.10      0.43    573.04    428.42    591.28    427610     55259    588116 
2026-01-13 13:30:00      0      3.55      2.20      4.61      1.66      1.23      2.98      1.14      0.45      2.97     -2.86     -4.26     -0.42     37.34     15.32     67.44    -43.37    -68.40     -9.47      0.10      0.10      0.30    428.42    428.42    580.15     55259     55259    615846 
2026-01-13 14:00:00      0      4.61      2.10      5.27      2.54      1.02      3.64      1.82      0.00      3.01     -2.71     -3.79      2.18     31.19      0.01     67.45    -37.58    -47.44     44.25      0.30      0.30      0.32    560.87    560.87    580.15    520558    520558    615846 
2026-01-13 14:30:00      0      5.95      2.56      6.06      2.24      2.22      2.70     -5.30     -5.40      1.24     -0.87     -2.46      0.05    314.13     28.89    296.59     -8.44    -23.98      1.04      0.22      0.20      0.44    507.16    497.49    558.31    263862    224189    493890 
2026-01-13 15:00:00      0      5.92      5.67      6.24      3.87      1.62      4.20     -3.53     -5.92     -2.86     -2.41     -2.86     -0.87    309.17    285.28    325.78    -24.50    -28.60     -8.44      2.63      0.28      9.53    534.89    500.09    707.94    250045    121586   1125002 
2026-01-13 15:30:00      0      5.97      5.29      6.55      2.83      2.52      4.30     -5.12     -5.73     -2.80     -2.30     -2.82     -1.32    304.64    294.13    326.09    -21.76    -28.73    -14.48      0.97      0.22     46.37    534.00    440.72    644.71    316077     96358    738388 
2026-01-13 16:00:00      0      6.10      5.70      6.53      2.86      2.07      3.77     -4.80     -5.46     -3.86     -2.41     -2.80     -1.61    302.24    292.27    313.41    -22.30    -27.46    -15.96      0.51      0.10      0.73    533.64    450.03    571.12    355882     79284    567942 
2026-01-13 16:30:00      0      6.32      5.99      6.54      3.58      2.88      3.98     -4.71     -5.31     -4.17     -2.20     -2.77     -1.71    307.16    298.48    313.62    -20.49    -25.48    -16.30      0.41      0.21      0.67    528.11    486.41    558.40    397716    193956    646148 
2026-01-13 17:00:00      0      6.21      6.08      6.84      3.48      2.96      3.90     -4.69     -5.80     -3.90     -2.30     -3.08     -0.64    306.24    298.46    314.62    -21.84    -30.12     -5.98      0.32      0.10      0.56    545.89    449.70    566.58    459275     44236    656109 
2026-01-13 17:30:00      0      6.54      5.26      6.82      2.91      0.37      4.26     -5.75     -6.76     -2.45     -1.43     -2.59      0.21    298.11    273.16    328.05    -12.58    -29.18      1.78      0.26      0.10      0.82    548.77    473.07    598.17    353316     99349    622845 
2026-01-13 18:00:00      0      5.60      5.38      6.15      4.67      4.06      5.60     -2.36     -4.23      0.90     -1.98     -3.50     -0.33    338.31      0.10    354.00    -20.91    -38.18     -3.11      0.39      0.21      0.82    511.08    467.30    542.37    279401    127371    592742 
2026-01-13 18:30:00      0      5.71      5.13      5.86      3.64      3.04      5.69      1.72      0.38      3.87     -3.68     -4.76     -0.24     26.00      3.87     47.07    -40.03    -56.54     -2.55      0.78      0.25      1.53    525.38    467.80    585.67    267939    112424   1505688 
2026-01-13 19:00:00      0      5.74      5.54      5.84      4.72      3.92      5.16      0.73     -0.45      2.47     -3.09     -4.14     -2.13      8.79      0.44    357.79    -32.99    -45.87    -22.36      0.77      0.53      1.42    510.12    469.97    539.93    278991    174529    590993 
2026-01-13 19:30:00      0      5.42      4.73      5.57      4.80      3.80      5.33     -0.29     -2.71      1.14     -2.24     -3.74      0.78    357.05      2.74    359.46    -24.12    -42.12      9.47      0.59      0.23      1.00    510.46    447.53    544.88    357775     89046    804007 
2026-01-13 20:00:00      0      5.78      5.49      6.08      5.20      4.81      5.38     -2.44     -2.83     -1.16     -0.62     -2.65      0.56    336.45    330.89    347.12     -6.40    -27.42      5.71      0.44      0.27      0.55    512.11    469.58    565.83    477096    140741    869700 
2026-01-13 20:30:00      0      5.70      5.59      5.95      4.93      4.36      5.27     -0.83     -3.84      1.39     -2.64     -3.31     -0.53    353.10      2.59    359.72    -27.59    -35.90     -5.21      0.54      0.41      1.11    504.51    466.70    551.20    335048    135711    692425 


2026-01-13 21:30:00      1      6.34      6.19      6.46      5.10      4.80      5.58     -3.23     -3.88     -1.85     -1.84     -3.00     -0.02    329.11    321.32    341.14    -16.91    -28.68     -0.20      6.03      3.55      7.42    518.20    501.50    524.50    353993    159421    464798 
2026-01-13 22:00:00      1      6.23      6.08      6.31      5.50      5.07      5.78     -2.11     -2.77     -0.47     -2.06     -3.31     -0.47    340.77    333.02    354.92    -19.54    -32.20     -4.44      4.53      2.88      6.59    511.90    497.50    518.40    238522    135389    383517 
2026-01-13 22:30:00      0      5.37      5.21      5.59      4.36      4.05      4.87     -3.05     -3.53     -2.10     -0.83     -1.72     -0.04    326.93    319.06    336.06     -8.83    -18.29     -0.37      0.45      0.35      0.57    513.11    495.91    554.99    336884    179205    638514 

2026-01-13 23:00:00      0      5.35      5.20      5.58      4.33      3.57      4.76     -2.84     -3.45     -1.80     -1.69     -2.59     -0.10    327.61    316.64    339.27    -18.76    -27.67     -1.05      0.43      0.36      0.53    505.04    494.92    526.71    254575    121883    495045 
2026-01-13 23:30:00      0      5.24      5.16      5.32      4.72      4.52      4.96     -1.63     -1.96     -1.37     -1.51     -2.04     -0.91    340.68    336.77    344.50    -16.78    -22.56    -10.02      0.45      0.37      0.48    500.33    491.82    505.58    236976    155633    318230 
2026-01-14 00:00:00      0      5.25      5.05      5.39      4.64      4.45      4.82     -1.96     -2.47     -1.36     -1.46     -2.30     -1.05    337.73    331.75    343.26    -16.14    -25.89    -11.44      0.45      0.41      0.51    504.52    495.41    511.02    219438    180461    326329 
2026-01-14 00:30:00      0      5.18      5.03      5.33      4.52      4.34      4.69     -2.29     -2.58     -2.03     -1.02     -1.54     -0.40    333.27    329.84    336.56    -11.25    -17.71     -4.50      0.43      0.32      0.51    501.12    489.84    509.54    186349    134331    300042 
2026-01-14 01:00:00      0      5.37      5.04      5.59      4.37      3.75      4.66     -2.95     -3.34     -1.98     -1.33     -2.46     -0.60    327.19    318.29    336.52    -14.23    -26.15     -6.84      0.42      0.35      0.50    498.49    487.32    514.50    162133    124599    391007 
2026-01-14 01:30:00      0      5.69      5.49      5.82      4.52      3.93      4.93     -3.13     -3.97     -2.19     -1.63     -2.15     -0.92    325.36    316.25    336.03    -16.71    -22.51     -9.13      0.43      0.37      0.50    500.89    484.57    509.52    198134    135292    328495 
2026-01-14 02:00:00      0      5.58      5.38      5.73      4.94      4.48      5.23     -2.32     -2.99     -1.26     -1.16     -1.95      1.20    335.66    326.30    346.44    -12.04    -20.68     12.80      0.46      0.39      0.53    493.80    481.45    500.96    195718    106944    248815 
2026-01-14 02:30:00      0      5.49      5.29      5.89      3.97      2.94      4.76     -3.67     -4.64     -2.45      0.76     -1.18      2.12    318.44    302.38    332.83      7.89    -12.90     21.09      0.33      0.17      0.43    497.49    466.07    540.54    199507    100965    413682 
2026-01-14 03:00:00      0      5.55      5.42      5.63      4.13      2.57      4.64     -3.69     -4.20     -2.95     -0.15     -2.69      0.60    317.73    301.93    327.53     -1.52    -29.01      6.21      0.38      0.33      0.51    497.19    488.22    517.99    215825    147539    384998 
2026-01-14 03:30:00      0      5.67      5.30      6.08      3.88      3.25      4.56     -3.19     -3.77     -2.29     -2.55     -3.59      0.52    320.55    314.76    330.94    -27.44    -39.61      5.46      0.48      0.29      0.57    501.56    483.49    509.91    176151    114575    302174 
2026-01-14 04:00:00      0      5.72      5.56      5.86      3.92      2.71      5.17     -3.78     -4.33     -1.90     -1.61     -2.82      1.80    319.63    302.06    339.48    -16.52    -28.94     18.38      0.41      0.33      0.55    502.84    485.32    538.56    200106    149077    424329 
2026-01-14 04:30:00      0      5.77      5.65      6.01      5.17      4.98      5.35     -2.26     -2.63     -1.94      1.20      0.69      2.01    336.40    332.20    339.94     12.28      6.88     19.83      0.34      0.30      0.39    495.25    492.18    500.33    193550    167249    224699 
2026-01-14 05:00:00      0      5.67      5.58      5.75      5.13      4.91      5.37     -2.28     -2.62     -1.19      1.00      0.69      1.33    337.27    331.93    347.48     10.15      7.06     13.45      0.32      0.27      0.35    492.97    482.80    502.32    175429    124505    204798 
2026-01-14 05:30:00      0      5.53      5.36      5.92      3.93      2.85      5.32     -3.96     -5.06     -1.81      0.23     -0.56      1.25    318.95    299.37    341.20      2.41     -5.92     13.20      0.36      0.27      0.49    485.70    472.41    510.56    165764    124231    367579 
2026-01-14 06:00:00      0      5.58      5.31      5.88      3.22      2.81      4.22     -4.49     -5.04     -3.23      0.28     -0.67      1.55    306.61    299.17    322.52      2.91     -6.90     15.91      0.42      0.31      0.55    497.35    474.28    516.46    191723    119230    375027 
2026-01-14 06:30:00      0      5.46      5.37      5.73      3.89      2.46      4.37     -3.71     -4.86     -3.19      0.25     -1.06      1.79    315.98    296.83    323.85      2.68    -11.37     18.23      0.48      0.25      0.66    484.36    470.51    499.51    156972    116617    259630 
2026-01-14 07:00:00      0      5.25      5.17      5.43      4.35      4.08      4.51     -2.93     -3.39     -2.67      0.25      0.00      0.87    325.66    321.20    329.37      2.76     -0.05      9.33      0.53      0.42      0.65    475.14    469.37    485.30    131366     96232    220190 
2026-01-14 07:30:00      0    -99999    -99999    -99999    -99999    -99999    -99999    -99999    -99999    -99999    -99999    -99999    -99999    -99999    -99999    -99999    -99999    -99999    -99999    -99999    -99999    -99999    -99999    -99999    -99999    -99999    -99999    -99999 
2026-01-14 08:00:00      0      5.25      5.19      5.42      4.38      4.21      4.58     -2.88     -3.23     -2.56      0.14     -0.07      0.68    327.01    322.50    330.77      1.55     -0.75      7.37      0.48      0.43      0.54    468.83    464.52    490.80    107042     96225    362765 
2026-01-14 08:30:00      0      5.24      5.15      5.35      4.16      3.78      4.52     -3.16     -3.77     -2.56     -0.02     -0.63      0.35    322.43    315.14    330.37     -0.20     -6.86      3.81      0.54      0.26      0.96    475.90    456.31    520.70    128577     57041    362598 
2026-01-14 09:00:00      0      5.10      4.77      5.40      3.30      2.02      4.00     -3.82     -4.69     -3.10     -0.18     -1.28      0.96    308.53    293.35    320.94     -1.94    -14.56     10.62      0.72      0.35      1.65    493.84    458.77    539.57    149809     69399    324910 
2026-01-14 09:30:00      0      5.62      4.87      5.97     -0.55     -1.48      2.87     -5.55     -5.82     -3.74      0.30     -1.22      0.97    271.43    254.65    307.49      3.26    -14.50      9.49      1.00      0.65      1.38    552.02    502.51    568.72     92996     57857    226516 
2026-01-14 10:00:00      0      5.11      4.00      5.71      1.10     -0.89      4.26     -5.02     -5.62      2.75      0.31     -2.40      1.20    303.25      3.78    352.80      3.31    -33.50     12.58      1.00      0.61      1.79    535.52    502.14    552.15    119974     89428    200850 
2026-01-14 10:30:00      0      4.58      4.42      4.93      3.69      0.71      4.43     -2.81     -4.25     -0.96      0.45     -0.79      1.93    321.16    279.45    347.63      5.54     -9.61     25.40      1.04      0.69      1.46    505.92    499.00    529.09    192077    124806    235532 
2026-01-14 11:00:00      0      4.77      4.44      5.06      3.82      2.24      4.67     -2.43     -3.89      3.37      0.30     -3.47      1.99    336.84      0.36    347.30      3.56    -49.57     25.59      1.03      0.72      1.63    507.02    496.15    527.08    208865    130557    277765 
2026-01-14 11:30:00      0      4.82      4.55      5.95      3.38     -3.55      4.69     -3.08     -5.06      1.31      0.62     -2.09      2.20    313.69     17.71    359.50      7.37    -25.94     26.35      1.07      0.56      1.62    506.56    496.17    585.09    167229    113311    211198 
2026-01-14 12:00:00      0      4.85      1.99      5.70      3.87     -1.08      4.48     -1.42     -5.57      2.57      1.33     -4.48      3.02    333.37      4.13    358.39     15.98    -60.35     38.44      1.14      0.59      1.63    514.33    494.48    566.97    190547     96304    290762 
2026-01-14 12:30:00      0      4.94      4.65      5.54      4.27      2.14      4.93      1.36     -4.80      4.44      1.04     -1.14      2.45     11.39      3.70    359.06     12.38    -13.41     27.37      1.67      0.61      2.10    516.15    482.33    567.04    202543     43030    244116 
2026-01-14 13:00:00      0      5.35      5.08      5.78      5.02      3.37      5.40      0.61     -0.64      3.47      0.88     -2.49      3.26     11.07      1.16    357.92      9.54    -27.21     37.16      1.56      0.73      4.55    504.29    476.25    548.97    169742    122826    246592 
2026-01-14 13:30:00      0      5.25      5.10      5.48      5.13      4.64      5.38     -0.97     -2.70      0.85      0.28     -1.23      1.30    349.40      0.97    359.80      3.09    -13.59     14.00      1.38      0.84      3.12    500.61    479.66    518.69    163534    117170    289506 
2026-01-14 14:00:00      0      5.93      5.16      6.51      3.85      1.52      4.93     -3.22     -3.86     -1.88      3.05     -0.02      5.47    318.05    295.31    331.22     30.33     -0.21     58.05      0.61      0.10      1.61    509.81    473.17    602.69    180698     76118    382105 
2026-01-14 14:30:00      0      6.02      4.82      6.87      3.47     -1.38      4.61     -3.99     -5.78     -0.33      0.99     -5.62      5.99    308.25    218.94    355.79     10.77    -72.43     60.66      0.97      0.10      4.41    529.26    483.61    572.87    215523     54932    342795 
2026-01-14 15:00:00      0      5.73      5.35      6.32      4.52      3.23      5.65     -0.45     -3.78      4.38      2.35     -1.16      4.91    354.71      1.65    357.70     23.87    -11.69     54.76      1.36      0.16      1.96    516.87    456.23    533.89    171509     34567    369626 
2026-01-14 15:30:00      0      6.25      4.82      6.91      2.73      0.54      4.70     -4.81     -6.87     -2.79      1.87     -2.33      4.71    300.79    274.47    325.87     17.38    -24.85     46.21      0.74      0.10      1.88    531.39    467.90    566.86    189087     36675    381246 
2026-01-14 16:00:00      0      6.71      6.41      7.19      1.99      0.51      3.59     -6.20     -6.87     -5.07      0.80     -1.47      3.85    288.94    274.43    303.66      7.06    -12.71     32.86      0.85      0.30      2.31    545.16    508.21    570.29    157660     82580    261493 
2026-01-14 16:30:00      0      6.82      6.35      7.06      4.45      3.30      5.13     -4.31     -5.78     -1.65      2.69      0.41      4.89    319.54    299.73    340.21     22.76      3.54     45.12      0.37      0.10      0.82    543.63    476.63    569.13    298862    119531    557804 
2026-01-14 17:00:00      0      7.14      6.39      8.56      2.09     -2.85      4.50     -6.76     -7.84     -4.53      0.01     -4.23      2.30    280.95    244.54    314.83      0.10    -32.57     19.42      0.60      0.10      2.15    548.53    441.52    593.48    115445     28439    297735 
2026-01-14 17:30:00      0      8.06      7.84      8.32      3.34      0.89      4.84     -7.16     -8.11     -6.16      0.06     -1.67      2.93    294.93    276.24    308.16      0.45    -11.58     21.65      0.21      0.10      1.25    515.01    496.34    581.11     99999     40117    326329 
2026-01-14 18:00:00      0      8.24      8.03      8.67      2.82      1.80      5.32     -7.58     -8.09     -6.12      1.30     -0.17      3.17    293.62    282.54    311.02      8.83     -1.22     21.59      0.10      0.10      0.45    506.29    465.81    550.99     80974     41964    391180 
2026-01-14 18:30:00      0      8.36      7.94      8.56      3.60      2.65      5.30     -6.60     -7.59     -4.61      3.44      1.30      5.46    301.22    289.25    316.10     23.71      9.38     40.28      0.10      0.10      0.10    543.28    460.87    604.49    180738     35946    444834 
2026-01-14 19:00:00      0      8.52      8.27      8.64      4.25      3.73      4.66     -6.89     -7.54     -4.40      2.47      1.10      6.21    303.83    297.63    316.39     16.83      7.34     47.11      0.10      0.10      0.25    511.30    471.58    621.35    123316     43087    408139 
2026-01-14 19:30:00      0      8.53      8.36      8.70      4.99      4.31      5.52     -6.55     -7.34     -6.07      1.73      0.60      3.60    307.54    300.43    311.35     11.93      4.03     24.74      0.10      0.10      0.31    492.50    463.49    585.20    115478     31972    632039 
2026-01-14 20:00:00      0      8.61      8.46      8.78      5.09      4.47      5.48     -6.40     -7.47     -5.80      2.51     -0.04      3.63    308.57    300.90    313.18     16.79     -0.29     25.07      0.10      0.10      1.22    496.57    453.19    593.37     82272     20656    425672 
2026-01-14 20:30:00      0      8.49      8.29      8.62      4.96      4.38      5.49     -6.71     -7.33     -5.46      0.98     -0.78      3.60    306.78    301.24    314.43      6.51     -5.31     25.23      0.17      0.10      0.81    535.41    452.54    592.57    258526     52051    453966 
2026-01-14 21:00:00      0      8.72      8.41      8.90      5.25      4.55      6.00     -6.83     -7.33     -5.80      1.57      0.47      3.36    308.62    301.96    315.84     10.27      3.12     22.68      0.10      0.10      0.45    533.20    441.81    591.12    266655     19618    465947 
2026-01-14 21:30:00      0      4.87      3.28      8.46      3.17      1.02      6.19     -3.18     -5.72     -0.62      1.11     -3.41      3.89    318.61    307.59    332.92      8.28    -39.85     72.14      1.29      0.11      2.33    535.21    490.22    586.34    133702     74043    480951 
2026-01-14 22:00:00      0      3.77      3.07      7.31      0.24     -6.47      3.74      0.11     -1.91      3.62      3.01     -2.09      5.76     45.15      0.30    345.39     52.21    -16.68     85.45      1.13      0.15      2.77    535.50    519.88    622.92    150533     79577    257119 
2026-01-14 22:30:00      0      5.43      4.65      7.39     -5.31     -6.17     -4.33      1.98     -0.34      3.39     -1.51     -2.96      0.14    159.63    149.71    183.68    -16.05    -23.66      1.53      1.32      1.06      1.60    579.01    540.23    612.09    240625    141902    323506 
2026-01-14 23:00:00      0      5.19      4.10      6.56     -4.49     -5.95     -2.93      2.11      0.42      4.62     -1.02     -3.45      1.41    154.39    122.36    175.96    -11.40    -43.69     13.33      1.10      0.85      1.38    566.82    560.08    581.20    252755    219831    315404 
2026-01-14 23:30:00      0      4.84      3.61      6.38     -3.84     -5.56     -1.28     -1.34     -4.13      0.49     -2.55     -3.92      2.69    204.37    174.29    245.40    -29.37    -40.77     42.36      0.87      0.29      1.12    560.33    545.12    583.34    266788    166170    396371 
2026-01-15 00:00:00      0      3.51      1.32      5.44     -1.27     -4.92      1.80     -1.45     -2.74     -0.13      0.96     -3.49      3.96    244.26    191.33    336.46     10.60    -68.06     75.89      0.70      0.23      1.15    545.68    521.33    561.49    236023    190237    312028 
2026-01-15 00:30:00      0      5.42      3.12      6.52     -4.83     -6.38     -1.07     -2.08     -3.49     -0.96      0.78     -2.50      2.45    204.64    188.60    236.23      8.36    -30.37     51.71      0.30      0.21      0.69    547.81    531.95    554.51    259100    166663    375215 
2026-01-15 01:00:00      0      4.40      2.29      4.89     -3.43     -3.87     -0.37     -2.19     -2.96      0.65     -1.44     -4.18      1.74    207.43    143.27    229.57    -19.51    -84.29     23.02      0.80      0.28      1.34    539.79    524.41    555.33    223880    145209    327720 
2026-01-15 01:30:00      0      3.46      2.11      4.29     -0.98     -3.91      0.47     -2.30     -3.73     -0.62      1.50      0.01      3.74    244.46    203.05    305.72     25.78      0.15     77.81      0.23      0.15      0.93    526.36    515.57    538.64    213435    139069    320619 
2026-01-15 02:00:00      0      4.13      3.27      4.88     -2.73     -4.38      0.29     -0.45     -3.92      2.37      2.70     -0.16      3.74    194.23    136.72    274.80     41.32     -2.62     56.01      0.16      0.12      0.27    525.50    513.96    533.75    177177    144141    276030 
2026-01-15 02:30:00      0      4.29      3.74      4.75     -4.06     -4.60     -2.58     -0.91     -2.41      0.53      1.20     -0.15      2.83    192.43    171.69    221.56     16.46     -1.94     42.61      0.19      0.10      0.29    525.85    494.89    531.07    192398     84464    254043 
2026-01-15 03:00:00      0      4.85      2.95      5.09     -4.58     -4.98     -1.85     -0.51     -1.00      2.57      1.15     -0.45      2.45    178.20    132.79    191.70     13.82     -5.15     36.69      0.22      0.16      0.75    518.37    500.25    531.55    179828    107527    245239 
2026-01-15 03:30:00      0      4.35      3.65      4.76     -3.22     -4.10     -1.93      2.39      0.38      2.99      1.44      0.57      3.32    146.62    124.98    174.69     19.53      7.16     48.51      0.30      0.12      0.78    505.59    473.27    514.68    123168     77636    217663 
2026-01-15 04:00:00      0      2.48      1.50      3.87     -0.60     -2.80      0.19      2.21      0.23      3.00      0.61     -1.10      1.76    109.12     84.32    172.06     13.58    -30.32     39.55      0.71      0.21      1.09    493.83    485.20    509.47    103532     91824    145523 
2026-01-15 04:30:00      0      3.78      0.87      4.24      2.46     -1.68      3.37      1.87     -0.82      2.45     -1.72     -2.82      1.16     42.61     25.39    217.36    -28.19    -51.76     33.21      0.92      0.63      1.32    489.96    486.70    497.03     78652     69874    114131 
2026-01-15 05:00:00      0      4.07      2.90      4.91      3.82      2.49      4.44      0.69     -1.81      2.17     -1.16     -2.40      0.76      8.27      3.45    359.77    -18.34    -29.72     10.70      0.59      0.20      0.91    481.49    461.32    496.81     93285     79796    181878 
2026-01-15 05:30:00      0      5.25      4.71      5.76      3.72      2.99      4.34     -3.34     -3.93     -1.79     -1.66     -2.39      2.15    318.54    307.32    337.04    -19.85    -28.29     26.26      0.16      0.12      0.58    488.44    468.05    527.92    144764     86821    301362 
2026-01-15 06:00:00      0      5.40      2.59      6.69      1.63      0.73      4.66     -1.93     -4.46      0.62      3.22     -4.21      6.18    321.29      5.50    352.95     40.93    -39.83     81.92      0.33      0.13      0.84    511.99    494.34    550.93    171382     88822    261845 
2026-01-15 06:30:00      0      6.51      4.92      7.99     -4.27     -5.86      0.47      4.47      0.37      5.48      1.77     -1.30      6.46    127.20     38.44    142.65     15.56     -9.88     83.70      1.02      0.49      1.72    555.32    544.25    575.20    133482    100049    161626 
2026-01-15 07:00:00      0      7.71      6.13      8.47     -5.25     -6.27     -3.59      4.41      0.69      5.10     -3.97     -6.14     -1.14    145.52    137.71    170.36    -28.99    -59.09     -8.10      0.50      0.26      1.36    581.57    569.47    620.98    199348     90031    253964 
2026-01-15 07:30:00      0    -99999    -99999    -99999    -99999    -99999    -99999    -99999    -99999    -99999    -99999    -99999    -99999    -99999    -99999    -99999    -99999    -99999    -99999    -99999    -99999    -99999    -99999    -99999    -99999    -99999    -99999    -99999 
2026-01-15 08:00:00      0      5.66      5.53      6.13     -4.65     -4.96     -3.99      1.53      0.67      2.68     -2.90     -4.34     -2.14    161.56    149.24    172.31    -29.50    -45.65    -22.74      1.33      1.20      1.59    620.98    593.52    653.56    254756    165041    396882 
2026-01-15 08:30:00      0      5.48      2.89      6.18     -2.99     -5.36      2.30     -2.79     -5.22      2.66     -2.80     -4.39      2.47    211.00    147.97    304.93    -29.62    -53.95     31.53      1.29      1.10      1.63    617.72    583.18    646.99    230262    159780    333349 
2026-01-15 09:00:00      0      4.59      2.64      5.76     -1.82     -4.15      2.24     -2.71     -3.95     -1.76     -2.50     -4.07      2.82    244.68    207.44    311.82    -28.37    -61.82     40.00      1.31      1.02      1.67    621.50    594.33    659.80    233996    151820    320061 
2026-01-15 09:30:00      0      4.65      4.09      5.95     -0.25     -4.97      3.28     -2.30     -4.76     -0.25      0.15     -3.74      3.03    265.83    182.86    341.95      1.98    -42.64     42.99      1.19      0.48      1.57    623.94    597.55    649.34    206499    165868    362981 
2026-01-15 10:00:00      0      3.83      1.85      5.02     -0.69     -3.08      2.24     -3.21     -4.98      0.67      0.38     -1.13      2.41    254.97    102.53    301.48      6.67    -15.14     72.99      0.99      0.10      1.18    620.59    513.62    648.75    209737     53445    290687 
2026-01-15 10:30:00      0      4.07      1.63      4.90     -2.87     -3.54     -0.20      2.16     -1.73      2.75      1.63      1.00      3.53    150.42    119.26    259.92     24.66     15.20     66.65      0.83      0.59      1.16    630.00    600.33    653.53    247467    165601    381818 
2026-01-15 11:00:00      0      4.48      3.77      5.30     -3.73     -4.65     -2.59      2.32      0.22      3.02      1.38     -0.86      2.38    149.39    130.65    176.64     18.54    -11.74     26.88      0.37      0.10      1.03    638.11    610.91    675.21    267352    109609    344943 
2026-01-15 11:30:00      0      5.31      4.94      5.61     -4.49     -4.84     -3.61      1.96      1.42      3.26      2.13     -0.16      2.71    155.18    139.82    162.94     22.99     -1.76     30.20      0.11      0.10      0.20    604.48    557.99    643.40    229433     83148    336962 
2026-01-15 12:00:00      0      4.97      3.90      5.68     -3.36     -4.51     -2.04      2.01      0.54      2.89      2.59      1.91      3.57    150.83    125.16    172.65     32.69     20.26     45.93      0.14      0.10      0.51    600.98    582.59    616.03    256598    129176    329821 
2026-01-15 12:30:00      0      4.93      4.19      5.59     -3.89     -4.58     -2.57      2.54      1.83      3.14      1.70      0.35      3.38    145.81    133.78    155.80     20.11      4.31     44.41      0.26      0.10      0.65    576.12    557.45    592.88    172156    132919    267830 
2026-01-15 13:00:00      0      4.98      4.56      5.43     -2.76     -3.99     -1.43      3.98      2.58      4.39      1.13      0.28      2.69    126.28    108.57    145.84     13.15      3.30     35.79      0.41      0.14      0.71    568.81    565.41    575.05    149772    100832    211824 
2026-01-15 13:30:00      0      5.02      4.55      5.72     -4.14     -5.39     -1.36      2.82      0.94      4.16      0.37     -1.53      2.13    142.23    108.79    168.67      4.30    -17.70     26.75      0.79      0.27      1.01    569.80    563.73    579.96    122597     95767    189369 
2026-01-15 14:00:00      0      4.75      2.82      6.14     -3.11     -5.26      1.41      2.78      0.57      4.57      0.32     -3.78      2.59    131.27     61.13    173.79      3.50    -37.98     50.63      0.87      0.39      1.51    570.10    561.91    588.03    112322     93283    195460 
2026-01-15 14:30:00      0      7.11      6.07      7.87     -5.76     -6.75     -3.97      2.15     -0.29      5.69     -2.77     -4.89      0.51    155.66    125.90    184.06    -22.63    -49.96      4.02      1.45      0.49      1.88    618.91    575.45    647.72    212248    108617    371593 
2026-01-15 15:00:00      0      6.80      6.66      7.58     -5.99     -6.97     -5.11     -2.98     -4.28     -0.29     -1.70     -3.26      0.54    205.63    182.45    219.71    -14.36    -26.30      4.62      1.75      1.19      2.53    628.57    602.06    645.76    214163    128710    336782 
2026-01-15 15:30:00      0      4.84      2.83      7.32      0.51     -5.53      3.57     -3.41     -4.72     -1.63      0.02     -2.73      2.46    269.11    210.90    329.94      0.13    -24.03     33.44      1.50      1.15      2.11    622.16    585.96    637.72    221553    147769    277141 
2026-01-15 16:00:00      0      4.78      1.77      5.31      1.03     -3.99      4.30     -2.43     -4.92      0.76      1.49     -2.03      3.33    297.54      9.34    348.28     25.56    -24.66     62.91      1.41      1.04      1.81    617.36    577.04    645.39    231839    126534    341830 
2026-01-15 16:30:00      0      6.60      4.13      7.91     -5.18     -6.44     -3.05     -2.79     -4.72      5.65     -1.76     -2.81     -0.82    187.10    118.39    227.89    -15.51    -25.51     -8.45      1.24      0.30      2.20    627.23    538.18    669.51    235116     90206    368211 
2026-01-15 17:00:00      0      6.11      5.50      6.57     -5.62     -6.49     -3.93      0.84     -2.16      3.65     -2.14     -3.11     -0.07    170.45    138.62    200.76    -20.10    -30.61     -0.61      0.46      0.24      1.47    626.05    591.11    667.59    280281    193995    468581 
2026-01-15 17:30:00      0      6.35      5.83      6.84     -5.85     -6.53     -4.82      1.72      0.94      3.29     -1.57     -2.24     -0.35    163.38    145.75    171.44    -13.94    -21.24     -3.39      0.26      0.19      0.40    615.06    593.99    649.71    267343    179387    471304 
2026-01-15 18:00:00      0      5.47      4.66      6.07     -5.46     -5.99     -4.64     -0.14     -0.83      1.72     -0.11     -0.97      0.87    179.09    162.84    189.61     -1.21     -9.28      8.28      0.34      0.26      0.47    628.68    590.53    675.15    266757    181014    535015 
2026-01-15 18:30:00      0      6.09      4.46      7.36     -5.86     -7.35     -0.30     -2.25     -5.16      1.37      1.01     -0.54      2.29    205.91    169.22    265.99      9.69     -4.30     22.73      0.35      0.27      0.47    616.30    580.88    644.83    271143    209100    386811 
2026-01-15 19:00:00      0      5.85      5.17      6.57     -5.30     -6.22     -2.85     -2.31     -4.09      2.06      1.37     -0.43      2.80    191.45    158.62    235.16     13.90     -4.74     26.27      0.29      0.18      0.48    602.35    580.11    629.55    253361    198285    367485 
2026-01-15 19:30:00      0      6.73      5.92      7.20     -6.47     -6.80     -5.80      1.06     -0.59      2.34     -1.20     -2.47      0.36    170.49    159.54    185.53    -10.83    -20.31      3.14      0.30      0.24      0.51    609.60    564.71    633.24    364183    109964    480996 
2026-01-15 20:00:00      0      6.33      5.72      7.12     -6.04     -6.66     -5.04      0.78     -0.86      2.58      1.19     -3.42      2.44    172.66    152.90    187.81     10.78    -33.80     23.29      0.25      0.16      0.43    594.76    556.71    626.84    253152     58719    479752 
2026-01-15 20:30:00      0      5.93      5.37      6.63     -4.67     -6.18     -3.50      0.35     -3.23      2.59      3.22      1.33      4.51    178.30    153.90    216.89     29.18     13.95     50.82      0.22      0.17      0.29    588.90    571.04    614.89    263298    188494    366730 
2026-01-15 21:00:00      0      6.00      5.38      6.38     -5.34     -6.07     -3.61     -0.76     -1.85      0.96      2.64      1.43      4.14    186.91    166.02    202.06     25.39     14.10     47.15      0.15      0.13      0.27    570.81    552.76    596.70    207611    113946    271349 
2026-01-15 21:30:00      0      3.79      2.38      5.88      1.92     -4.99      3.69     -1.00     -2.70      1.74      0.85     -3.25      3.70    333.99      7.48    345.75     18.65    -49.67     86.21      0.18      0.13      0.24    591.54    555.88    614.17    301282    174823    376914 
2026-01-15 22:00:00      0      3.51      0.52      5.64      1.53     -2.58      3.65     -0.66     -2.60      4.20      1.38     -0.08      3.71    354.92      5.39    354.44     27.33     -7.87     62.54      0.22      0.17      0.32    577.24    558.65    597.73    287059    216075    369501 
2026-01-15 22:30:00      0      3.64      1.76      6.25      1.71     -4.04      3.32      1.73     -2.32      3.14     -2.31     -3.34      3.61     35.77      2.89    354.55    -39.07    -59.10     43.40      0.26      0.22      0.34    567.28    553.28    590.83    258780    214052    413137 
2026-01-15 23:00:00      0      4.78      1.62      5.85      3.64      0.27      4.84      2.53      1.26      4.21     -0.98     -2.51      2.60     42.20     18.46     82.49    -11.00    -27.02     51.55      0.27      0.18      0.37    557.72    544.67    575.29    263680    184788    304770 
2026-01-15 23:30:00      0      3.62      1.10      5.01     -0.54     -3.63      2.89      0.85     -3.51      3.15      2.01     -2.08      4.36    131.27     31.84    259.57     34.49    -34.95     67.45      0.41      0.30      0.73    547.44    539.72    563.01    236672    191435    285594 
2026-01-16 00:00:00      0      4.38      3.17      5.90     -1.76     -4.59      0.06      1.30     -3.89      5.09      1.03     -1.92      5.22    163.26     91.21    271.98     11.00    -26.19     69.62      0.80      0.63      1.98    553.81    540.98    562.68    232591    155499    281680 
2026-01-16 00:30:00      0      5.88      4.37      6.87     -4.15     -5.35     -0.78     -1.56     -3.35      2.50      3.63      0.89      5.72    198.76    151.51    241.57     38.77      9.60     72.19      1.83      0.59      3.07    547.77    537.99    560.84    172300    111938    275741 
2026-01-16 01:00:00      0      5.63      4.03      7.41     -1.04     -5.77      6.37      0.76     -5.38      3.09      2.74      0.21      6.38    204.90      7.37    358.05     28.71      2.92     80.29      0.93      0.63      1.85    547.31    537.02    555.05    212663    171390    288225 
2026-01-16 01:30:00      0      7.12      5.40      9.77      0.23     -6.03      6.02      5.99      1.08      8.61      1.37     -0.05      5.14     79.17     11.97    129.49     12.15     -0.39     34.30      0.75      0.56      1.27    551.56    545.43    585.47    219846    169206    359193 
2026-01-16 02:00:00      0      9.43      4.41     11.67      7.50     -7.47      8.80     -2.64     -5.74      8.55      1.92     -0.81      6.79    359.54      8.96    359.07     12.67     -4.93     73.06      0.65      0.36      4.08    551.13    537.79    592.16    224300    107128    306011 
2026-01-16 02:30:00      0      9.37      5.77     13.31     -0.02     -9.77      7.60      5.82     -6.62      9.28      5.28     -5.96      8.71     83.18     11.34    353.72     36.02    -52.00     59.21      2.23      0.52      4.33    618.71    564.46    656.13    362975    121617    819892 
2026-01-16 03:00:00      0     12.56      6.34     13.35     -3.81     -7.28     -0.05     10.02     -6.74     11.05      5.30    -11.54      9.34    120.97     90.43    253.84     24.95    -66.02     54.80      1.51      0.77      3.48    640.44    629.76    691.36    470156    382924    761153 
2026-01-16 03:30:00      0     12.00      9.20     12.94     -7.72    -10.55      0.88      6.22     -3.79     10.38      0.50    -10.77      9.59    154.48    120.64    283.11      2.32    -65.83     67.93      2.58      2.04      4.76    675.74    655.09    699.99    435277    338306    659324 
2026-01-16 04:00:00      0      9.26      6.02     12.92     -4.98     -8.39      1.55      4.32     -1.84      8.81      3.84     -3.56     11.76    141.79     95.48    320.91     26.23    -22.14     83.66      2.94      1.05      4.18    678.01    621.97    704.31    422110    169263    557911 
2026-01-16 04:30:00      0      9.11      7.74      9.76     -6.53     -8.18     -2.66      5.53      1.37      7.72     -0.30     -1.86      6.78    136.96    119.19    169.70     -1.95    -11.97     54.51      2.03      0.98      3.56    697.93    681.18    711.09    439241    338579    553883 
2026-01-16 05:00:00      0      8.65      7.91     10.14     -7.56     -9.48     -5.39      1.75     -0.88      5.06     -3.68     -6.22     -1.10    162.96    140.50    185.54    -23.14    -48.61     -7.09      1.84      0.56      2.21    701.36    677.88    735.46    496889    335807    680696 
2026-01-16 05:30:00      0      9.84      9.39     10.55     -9.58    -10.44     -6.91      1.76      0.62      6.30     -1.07     -4.25      2.37    165.56    137.61    176.18     -6.12    -25.04     14.24      2.11      1.69      2.65    690.99    685.49    704.81    334807    257295    458802 
2026-01-16 06:00:00      0      9.85      9.68     10.00     -9.71     -9.92     -9.40      0.57     -1.31      1.63      0.05     -1.88      2.50    177.44    170.18    187.88      0.28    -11.08     14.66      1.82      1.60      2.11    688.93    682.18    694.63    285137    186634    364420 
2026-01-16 06:30:00      0      9.97      9.78     10.24     -9.88    -10.12     -9.68      0.01     -0.87      1.51      1.06      0.25      1.75    178.48    171.22    185.07      6.08      1.43     10.14      1.80      1.44      2.25    680.36    677.85    687.08    269409    206845    346174 
2026-01-16 07:00:00      0     10.31      9.71     11.78    -10.17    -11.65     -9.40      0.66     -1.42      3.21      1.80     -0.95      2.70    176.32    162.81    188.23     10.38     -4.63     15.54      1.85      1.59      2.35    679.22    675.94    686.82    251563    211270    383906 
2026-01-16 07:30:00      0    -99999    -99999    -99999    -99999    -99999    -99999    -99999    -99999    -99999    -99999    -99999    -99999    -99999    -99999    -99999    -99999    -99999    -99999    -99999    -99999    -99999    -99999    -99999    -99999    -99999    -99999    -99999 
2026-01-16 08:00:00      0     11.44     10.85     11.78    -10.92    -11.66     -9.91      3.18      0.69      4.40     -0.73     -1.58      0.72    166.41    156.05    176.59     -3.75     -8.02      3.56      2.20      1.83      2.41    677.17    671.36    712.60    377791    335057    531411 
2026-01-16 08:30:00      0     11.89     11.21     12.13    -10.27    -11.21     -9.25      4.70      3.27      6.47      3.68     -2.13      5.43    154.38    145.22    162.98     17.93    -10.65     27.03      2.26      0.65      3.55    666.26    571.18    697.84    275483     81163    629287 
2026-01-16 09:00:00      0     11.69     10.77     11.99    -10.16    -10.68     -8.72      4.19      3.28      5.36      3.80      1.70      4.79    156.80    149.27    162.94     18.80      9.08     25.30      2.20      1.96      3.00    654.17    590.21    688.88    226578    149831    424316 
2026-01-16 09:30:00      0     10.98      9.43     11.81     -8.08     -9.61     -4.78      5.57      4.77      7.09      4.40      2.67      6.72    144.21    123.98    151.39     24.62     15.60     35.75      2.83      2.31      3.60    637.57    582.04    657.88    278495    183080    420720 
2026-01-16 10:00:00      0     10.17      6.20     11.14     -7.27     -9.47      6.32      3.38      0.83      5.21      5.97      2.19      8.60    141.10     27.81    169.57     38.39     11.91     74.32      3.47      0.30      5.02    628.44    549.43    732.02    298665     39701    429485 
2026-01-16 10:30:00      0     13.17      8.25     13.43    -11.04    -12.06     -0.32      4.67     -0.14      5.63      5.48      2.86      8.47    158.30    151.13    203.97     24.74     13.28     87.55      2.58      2.17      3.93    587.47    552.96    665.61    152536     82471    350870 
2026-01-16 11:00:00      0     13.38     12.65     13.86    -11.21    -11.94    -10.46      5.44      2.99      7.56      3.50      0.53      7.33    154.05    145.85    164.29     15.46      2.23     33.25      2.40      1.37      4.09    595.04    563.49    629.85    198239     88261    440568 
2026-01-16 11:30:00      0     13.60     12.54     13.99    -10.69    -12.43     -8.99      7.10      3.73      9.38      2.80      1.51      8.38    146.11    133.77    158.89     11.79      6.20     38.93      2.21      1.68      4.84    604.33    565.68    633.87    172836     90337    337393 
2026-01-16 12:00:00      0      9.92      8.93     12.15     -7.16     -9.95     -1.26      6.93     -3.53      9.06      0.33     -3.54      6.00    136.36     98.40    201.37      1.78    -19.69     42.24      1.64      0.44      3.44    643.06    519.70    679.59    320436    130100    538964 
2026-01-16 12:30:00      0     10.42      9.07     11.25     -7.61     -9.55     -5.26      6.24      1.29      8.82     -2.04     -4.53      1.68    142.08    123.88    171.90    -11.93    -25.76      9.20      0.83      0.10      2.77    651.15    513.13    689.13    360128     51592    757038 
2026-01-16 13:00:00      0     10.12      6.44     10.90     -5.08     -8.60     -0.80      6.90     -1.25      9.56     -3.37     -8.63      2.38    136.84     94.81    193.79    -21.95    -63.80     13.92      1.60      0.15      3.80    666.70    568.92    699.00    360126     86313    564698 
2026-01-16 13:30:00      0     10.22      9.64     11.03     -5.20     -8.91     -2.03      7.39      3.47      9.91     -4.20     -5.55      1.17    126.29    103.47    158.70    -24.63    -32.80      6.39      0.81      0.27      2.54    659.60    573.20    700.85    307592    103854    526751 
2026-01-16 14:00:00      0     10.99      9.75     12.08     -2.71     -7.73      2.82      0.75     -5.08      8.09     -9.48    -11.64     -0.25    169.65    116.54    348.63    -58.49    -87.34     -1.33      1.34      0.28      3.30    682.39    635.43    730.09    329056    218696    615520 
2026-01-16 14:30:00      0     11.05      9.58     12.04     -3.23     -9.47      4.28      0.70     -5.05      7.45     -8.84    -11.17      5.01    196.54     16.65    348.11    -58.83    -76.98     24.99      2.45      0.10      4.63    668.54    546.34    693.74    281919     51799    419762 
2026-01-16 15:00:00      0     11.18      8.36     11.99     -6.18     -8.94     -3.53      4.97      1.19      7.95      6.25     -0.07      9.69    140.18    125.35    169.66     36.64     -0.38     57.20      4.57      1.86      6.62    667.99    621.10    685.80    273666    117943    412719 
2026-01-16 15:30:00      0     11.73      8.34     12.33     -8.52    -10.57     -2.09      6.69      2.59      9.01      0.40     -4.38     10.47    139.99    121.61    151.46      1.97    -22.10     72.37      3.09      1.08      5.75    659.60    579.28    695.80    312500     92800    445978 
2026-01-16 16:00:00      0     12.08     11.38     12.73     -9.68    -10.93     -7.91      5.25     -0.04      8.96     -3.99     -8.72      1.20    152.99    131.45    180.29    -19.66    -46.10      5.75      2.58      1.82      3.14    668.26    614.14    724.96    396771    111370    567573 
2026-01-16 16:30:00      0     11.77     11.12     12.14    -10.33    -12.00     -6.98      3.65     -0.59      7.38     -2.03     -9.03      3.37    159.99    141.50    182.83    -10.15    -50.86     16.66      3.29      2.24      5.14    702.87    648.77    743.44    512617    336933    764606 
2026-01-16 17:00:00      0     11.72     10.80     12.57     -7.71    -11.56     -3.31      8.16      4.93      9.74      2.22     -3.60      7.75    132.02    111.70    156.88     10.56    -18.19     44.07      3.17      1.65      4.50    712.22    671.25    749.92    395806    287096    587520 
2026-01-16 17:30:00      0     12.23     10.46     13.55     -8.07    -10.21      2.67      8.38      5.31     11.90      3.61     -0.68      7.75    124.35     76.95    150.26     17.54     -3.12     39.18      3.48      0.20      4.45    708.97    600.89    765.64    322683     80719    510735 
2026-01-16 18:00:00      0     12.14     11.67     13.02     -9.20    -11.59     -1.26      5.68      3.37      9.31      3.56     -3.12     10.73    142.61     97.69    163.80     17.11    -15.02     58.36      3.40      1.31      4.17    688.33    622.62    729.84    355777    109134    489297 
2026-01-16 18:30:00      0     11.34      9.07     12.12     -7.27    -10.88      3.01      8.71      5.12     10.72     -1.38     -4.62      6.69    118.99     67.30    154.80     -6.63    -30.63     36.34      2.38      0.32      3.47    705.93    617.19    800.92    392196    101019    552496 
2026-01-16 19:00:00      0     10.63      9.05     11.47     -6.59    -10.52      2.79      5.63      2.40      9.30      3.05     -4.27      9.01    128.88     40.68    162.46     16.43    -23.38     69.78      3.06      0.32      7.89    701.11    612.57    783.88    402331     62962    582609 
2026-01-16 19:30:00      0     10.90     10.20     11.27     -9.69    -10.85     -6.85      4.15      1.55      7.90      1.24     -1.92      5.33    153.90    130.92    171.55      6.58    -10.09     29.71      3.21      2.41      4.40    692.07    650.47    724.34    459996    332977    693755 
2026-01-16 20:00:00      0     11.06     10.46     11.50     -7.30    -10.57     -2.64      4.71     -3.20     10.12      4.25     -0.45      7.51    148.38    104.61    200.22     21.90     -2.37     42.97      3.28      2.13      7.39    700.38    642.29    751.42    394781    242968    599400 
2026-01-16 20:30:00      0     11.43     10.57     12.11     -9.03    -10.70     -3.66      4.55      2.16      8.42     -3.37     -8.02      8.18    148.78    115.06    167.89    -17.07    -46.52     43.89      2.78      1.67      3.78    688.07    632.47    739.26    411449    227714    492803 
2026-01-16 21:00:00      0     11.87     10.95     12.24    -10.69    -11.58     -9.93      4.27     -1.04      5.69     -1.63     -6.10      1.48    160.16    150.35    185.21     -7.89    -30.76      7.29      2.41      1.89      3.15    686.80    644.28    714.45    602838    370182    841197 
2026-01-16 21:30:00      0     11.22     10.59     11.69     -9.39    -11.64     -5.41      2.21     -3.17      9.29      4.10     -1.12      7.18    163.64    120.19    196.32     21.60     -5.54     39.70      2.50      0.51      5.11    672.91    562.81    715.06    499740    138176    649798 
2026-01-16 22:00:00      0     11.44     11.13     11.93     -6.89     -9.30     -4.39      7.04     -2.54      8.90      5.66      1.77     10.07    139.30    121.31    206.31     28.98      8.70     61.41      2.72      2.22      5.21    694.52    669.39    733.62    467699    295052    582714 
2026-01-16 22:30:00      0     11.75     10.54     12.07     -9.05    -11.85     -5.34      6.50      1.53      9.90      2.89      0.25      4.91    146.72    118.35    172.65     14.43      1.23     24.42      2.72      1.47      4.05    681.02    642.92    742.51    473833    273668   1023252 
2026-01-16 23:00:00      0     11.73     11.16     12.19    -10.10    -11.24     -8.62      5.46      2.18      7.23     -2.07     -5.09      2.25    151.68    141.65    169.00    -10.04    -26.21     10.79      2.67      1.98      3.69    674.22    664.97    683.49    451506    373750    503318 
2026-01-16 23:30:00      0     11.47     10.88     12.43    -10.91    -11.75     -4.57      2.72      1.27     10.43      1.79     -0.70      7.16    159.90    113.67    173.82      8.74     -3.32     40.57      3.78      1.94      4.79    676.49    661.13    699.04    455179    363315    502841 
2026-01-17 00:00:00      0     11.65     10.77     12.48     -7.40     -9.94     -3.24      8.10      2.90     11.33      3.14     -0.42      6.10    133.92    107.96    163.72     15.56     -1.98     31.69      2.71      0.10      3.93    677.55    542.64    719.20    363870     44701    518800 
2026-01-17 00:30:00      0     12.00     10.99     12.35     -9.13    -11.99     -6.18      7.25      2.60      9.90     -0.34     -7.86      4.02    141.49    123.39    167.13     -1.59    -41.91     19.53      2.11      0.94      3.08    673.00    654.00    707.27    420780    250035    590097 
2026-01-17 01:00:00      0     11.47     10.29     12.08     -7.96    -10.06     -5.12      6.08     -0.99      9.08      3.26    -10.22      8.73    145.94    130.92    190.94     16.07    -62.98     50.34      2.82      1.40      3.54    687.26    655.43    722.79    446670    306092    615282 
2026-01-17 01:30:00      0     11.48      9.55     12.31     -7.19     -9.34     -4.23      8.92      2.85     10.42     -0.14     -4.90      6.27    132.08    114.93    163.02     -0.69    -25.10     32.52      1.56      0.19      3.28    687.36    591.12    765.79    378725     47492    615989 
2026-01-17 02:00:00      0      8.55      6.56     11.84     -5.71    -11.22     -1.62      5.55     -1.40      9.02      0.95     -4.37      7.82    138.50    103.40    188.64      7.32    -24.42     45.33      1.44      0.23      3.99    706.13    682.39    778.38    357497    201377    622897 
2026-01-17 02:30:00      0      8.02      7.26      8.57     -5.92     -7.83     -4.63      3.53      0.37      5.53      3.36      1.26      6.08    150.00    129.94    176.36     24.76      8.67     49.40      1.47      1.01      2.16    729.47    716.10    746.55    246010    188893    369610 
2026-01-17 03:00:00      0      7.75      6.11      8.34     -6.06     -7.55     -1.22      3.34     -2.39      6.99      2.98      0.39      5.75    152.27    105.15    204.93     22.41      3.21     49.58      1.48      0.18      2.52    724.89    671.29    758.35    230676     79745    552439 
2026-01-17 03:30:00      0      7.31      6.59      8.25     -3.27     -7.54      1.00      6.39     -1.90      7.64     -0.06     -1.88      5.09    123.71     82.20    197.56     -0.48    -15.22     42.82      0.77      0.19      2.59    763.34    724.17    788.59    244100    192512    439690 
2026-01-17 04:00:00      0      7.92      5.21      8.24     -5.21     -7.10      2.30      2.69     -4.09      6.56      4.50     -1.48      7.08    163.08     70.68    221.13     33.77    -12.00     64.72      1.85      0.74      2.64    740.76    720.81    759.85    230093    181210    342608 
2026-01-17 04:30:00      0      7.71      6.72      8.15     -6.24     -7.48     -3.89      1.78     -3.77      5.11      3.67     -0.72      5.31    167.26    131.95    210.32     29.52     -5.42     42.18      1.71      0.57      2.39    728.86    679.14    747.37    218222     69490    375437 
2026-01-17 05:00:00      0      7.44      6.79      7.78     -5.95     -7.55     -4.35     -1.42     -4.84      2.86      1.97     -0.93      5.07    193.55    153.93    225.46     16.82     -7.29     42.76      1.82      1.20      2.46    724.23    715.33    754.04    225935    191191    327188 
2026-01-17 05:30:00      0      7.47      6.04      8.04     -6.63     -7.95     -2.19     -1.47     -4.36      5.93     -0.18     -4.17      1.92    188.88    111.22    219.25     -1.40    -34.37     13.89      1.91      0.23      2.28    727.16    711.48    779.56    240158    216879    474270 
2026-01-17 06:00:00      0      7.67      6.77      7.93     -6.84     -7.91     -3.65      1.70     -3.70      5.89      0.03     -4.82      3.15    165.61    121.79    209.79      0.20    -38.55     24.59      1.12      0.25      2.29    719.88    707.11    783.84    273587    211030    596155 
2026-01-17 06:30:00      0      7.75      7.05      8.09     -5.86     -7.66     -2.34      4.67      0.14      7.01      1.10     -1.71      4.42    140.70    108.43    178.95      7.84    -13.04     36.73      1.52      0.50      2.32    728.60    681.11    765.35    236184     94892    283742 
2026-01-17 07:00:00      0      7.99      7.41      8.25     -6.64     -7.60     -4.92      1.06     -1.75      4.58      3.59     -2.20      5.99    167.14    138.01    193.95     26.14    -16.16     49.84      2.30      0.68      2.78    714.37    703.62    733.38    199704    169057    339447 
2026-01-17 07:30:00      0      8.14      7.93      8.46     -7.00     -8.05     -5.86      2.21     -1.04      4.15      1.79     -4.85      5.11    164.25    146.48    188.67     12.60    -36.53     38.48      1.88      0.48      2.52    706.19    693.11    721.80    202432    168288    350676 
2026-01-17 08:00:00      0      8.19      8.07      8.41     -7.78     -8.28     -6.66      2.55      0.43      4.63      0.01     -2.68      2.80    162.54    145.31    176.88      0.06    -19.32     19.43      1.68      0.85      2.16    693.33    682.64    714.97    188097    159990    300693 
2026-01-17 08:30:00      0      8.33      7.22      8.55     -7.23     -8.27     -6.39      3.24      0.67      4.25      1.99     -2.60      3.74    158.14    147.07    175.34     13.91    -18.37     26.76      1.83      0.72      2.60    692.25    643.59    745.36    164923     81179    284009 
2026-01-17 09:00:00      0      8.40      8.15      8.64     -6.65     -7.30     -5.58      4.38      3.08      5.34      2.43      1.29      5.18    146.47    139.52    154.42     16.66      8.68     37.87      2.27      1.23      2.88    698.46    664.59    739.19    173283     68522    270438 
2026-01-17 09:30:00      0      8.15      7.75      8.39     -6.46     -7.23     -4.48      4.06      1.08      5.36      2.25     -6.29      3.84    148.74    139.35    166.47     16.20    -53.77     28.45      1.92      0.85      2.76    695.77    653.21    746.79    211051    110681    271040 
2026-01-17 10:00:00      0      8.02      7.43      8.29     -6.82     -7.74     -4.30      2.64     -0.09      5.72      1.37     -6.14      5.05    158.06    135.26    180.85      9.62    -54.67     41.81      1.52      0.22      3.12    684.82    642.66    787.61    228591    157758    561811 
2026-01-17 10:30:00      0      7.29      5.95      7.76     -5.65     -7.44      0.71      2.71     -4.21      5.64     -2.16     -5.64      4.54    155.56     75.45    224.50    -17.22    -63.39     38.30      0.84      0.16      2.81    697.32    630.54    794.14    248288     44001    567524 
2026-01-17 11:00:00      0      7.47      6.85      7.75     -5.68     -6.85     -1.22      4.07      2.24      6.65      1.49     -5.25      5.10    137.86    100.73    161.90     11.47    -49.79     43.10      1.41      0.11      2.16    701.83    641.25    761.46    232545    111442    466078 
2026-01-17 11:30:00      0      7.15      6.86      7.40     -6.38     -7.25     -3.89      1.04     -1.69      4.68      2.21     -1.52      5.88    171.58    138.74    199.52     18.12    -12.27     55.53      1.52      1.01      3.15    690.28    642.55    730.06    259547    149624    367944 
2026-01-17 12:00:00      0      7.43      6.25      7.64     -6.83     -7.62     -3.80      1.46     -2.23      5.53      0.76     -2.68      3.65    163.86    124.50    198.91      5.92    -21.65     29.44      1.55      0.49      2.43    678.63    649.37    713.94    241299    157360    421349 
2026-01-17 12:30:00      0      7.23      6.87      7.65     -6.41     -7.12     -5.23      2.64      0.95      4.22      0.49     -2.57      3.70    156.00    141.33    171.23      3.80    -21.50     29.04      1.27      0.50      2.16    683.83    639.99    717.26    265712    170877    499208 
2026-01-17 13:00:00      0      7.35      6.71      7.88     -6.66     -7.60     -3.43      2.09     -3.37      4.48     -1.36     -5.08      4.08    164.46    128.05    209.13    -10.54    -48.67     31.17      1.18      0.21      2.41    686.09    621.19    751.58    289929     65186    535219 
2026-01-17 13:30:00      0      7.51      6.73      7.76     -7.04     -7.43     -5.04      1.43     -0.48      3.36      0.70     -3.87      4.37    167.33    146.34    183.79      5.34    -31.88     34.95      1.71      0.32      2.37    676.71    645.32    717.86    275894    159669    588886 
2026-01-17 14:00:00      0      7.50      6.66      8.00     -7.03     -7.83     -5.62     -0.01     -1.86      3.11      2.26     -3.05      3.84    178.81    153.40    198.30     16.65    -27.28     30.04      1.87      0.73      2.71    682.01    649.87    710.36    240037    127355    479392 
2026-01-17 14:30:00      0      8.05      7.55      8.23     -7.47     -7.89     -4.96      0.50     -0.63      3.39      2.30     -5.68      4.19    172.72    152.59    184.62     16.52    -48.72     31.37      1.87      0.18      2.61    682.49    661.87    715.37    215744    135267    456778 
2026-01-17 15:00:00      0      8.38      6.69      8.66     -6.86     -8.32     -4.46      2.92     -0.66      5.84     -0.25     -6.20      4.58    159.82    132.46    188.35     -1.69    -53.97     32.76      1.11      0.28      1.97    692.79    654.38    729.98    295787    154793    599972 
2026-01-17 15:30:00      0      8.14      7.48      8.42     -4.47     -6.43     -1.45      5.98      4.89      8.12      1.58     -1.48      5.30    123.90    100.11    142.33     12.18    -10.71     43.18      1.18      0.65      2.06    707.94    680.65    738.65    236270    182785    437722 
2026-01-17 16:00:00      0      7.52      6.63      7.98     -5.46     -6.90     -1.33      5.17     -1.08      7.76      1.24     -2.13      5.65    143.50     99.99    192.13      9.14    -15.52     48.73      0.92      0.23      2.62    700.97    646.12    732.41    246616    114905    509718 
2026-01-17 16:30:00      0      7.27      6.28      7.48     -2.95     -6.90     -0.64      4.16     -5.21      6.58     -3.64     -5.86      2.73    132.56     95.85    225.87    -30.22    -53.14     22.82      0.23      0.10      2.18    716.60    640.83    770.51    268211    119404    518864 
2026-01-17 17:00:00      0      7.86      7.07      8.20     -6.80     -7.70     -3.82      1.27     -4.88      5.79      2.34     -2.80      4.65    169.44    123.80    223.62     17.55    -22.87     35.75      1.55      0.15      2.29    701.63    643.43    731.27    220765    124243    286099 
2026-01-17 17:30:00      0      7.80      6.84      8.10     -7.06     -7.72     -4.22      0.83     -1.15      3.83      2.74     -2.67      5.80    170.35    140.04    189.06     23.32    -21.40     51.74      1.42      0.17      2.98    697.09    635.61    752.34    180363     70706    416302 
2026-01-17 18:00:00      0      7.59      7.00      8.03     -5.80     -7.92     -3.55      3.87     -1.16      6.56      0.20     -2.65      6.14    149.93    118.42    188.68      1.48    -20.71     54.60      0.66      0.12      2.35    711.04    677.00    740.66    271646     90121    433516 
2026-01-17 18:30:00      0      7.86      6.49      8.09     -7.17     -7.89     -5.84      0.74     -3.61      3.50      2.02      0.11      3.59    176.74    152.70    209.66     15.17      0.78     26.61      1.21      0.21      2.40    693.67    667.15    722.16    122495     65944    257604 
2026-01-17 19:00:00      0      7.81      6.84      8.16     -7.20     -7.93     -5.12      1.55     -2.17      4.64      2.44     -0.36      4.64    168.03    140.75    196.53     18.71     -2.66     37.33      1.25      0.33      2.20    695.51    656.77    736.29    132122     64427    216731 
2026-01-17 19:30:00      0      7.79      5.82      7.99     -6.88     -7.85     -2.21      2.40     -0.96      5.69      2.39     -1.59      5.74    157.22    113.30    187.35     18.01    -11.89     50.79      0.97      0.22      1.98    694.77    656.18    753.13    139790     85222    307438 
2026-01-17 20:00:00      0      7.67      6.99      8.04     -6.90     -7.67     -4.11      2.51      0.95      4.26      1.42     -1.97      5.17    158.22    138.85    172.60     10.74    -14.89     43.47      0.88      0.10      1.91    686.03    656.10    740.42    173144     78276    385397 
2026-01-17 20:30:00      0      7.26      6.31      7.91     -6.15     -7.42     -4.37      2.50     -3.04      5.12     -0.97     -4.75      2.27    160.54    130.47    204.87     -7.64    -43.43     18.66      0.33      0.11      1.47    688.37    659.29    718.08    241425    130296    481750 
2026-01-17 21:00:00      0      7.17      6.22      7.43     -5.80     -7.16     -3.53      0.79     -1.06      5.81     -3.48     -5.67      0.44    164.62    125.82    195.02    -28.91    -57.63      3.48      0.31      0.11      1.22    692.55    647.76    743.31    292779    146674    494184 
2026-01-17 21:30:00      0      7.58      5.74      8.05     -6.56     -7.93     -2.72      2.90     -0.32      6.56     -1.58     -4.92      3.30    150.77    113.28    182.35    -11.74    -43.99     24.90      0.27      0.10      0.92    677.08    617.75    738.81    221801     67467    470300 
2026-01-17 22:00:00      0    -99999    -99999    -99999    -99999    -99999    -99999    -99999    -99999    -99999    -99999    -99999    -99999    -99999    -99999    -99999    -99999    -99999    -99999      0.34      0.10      1.32    698.95    609.03    733.59    199200     31755    449471 
2026-01-17 22:30:00      0    -99999    -99999    -99999    -99999    -99999    -99999    -99999    -99999    -99999    -99999    -99999    -99999    -99999    -99999    -99999    -99999    -99999    -99999      0.37      0.10      2.39    687.34    632.30    730.09    182381     82747    429328 
2026-01-17 23:00:00      0    -99999    -99999    -99999    -99999    -99999    -99999    -99999    -99999    -99999    -99999    -99999    -99999    -99999    -99999    -99999    -99999    -99999    -99999      0.72      0.22      2.47    674.54    662.77    726.54    182178    109686    487766 
2026-01-17 23:30:00      0      8.23      7.98      8.36     -3.99     -4.72     -3.14      5.85      5.53      6.56      4.13      3.27      4.73    123.16    115.56    130.34     30.12     24.14     34.73      1.33      0.73      2.59    670.43    656.67    711.86    125117    100258    174060 
2026-01-18 00:00:00      0      8.33      7.67      8.54     -4.58     -6.55     -1.88      4.82      1.33      6.63      4.89      0.10      7.23    134.98    107.23    162.42     35.98      0.72     60.43      1.35      0.23      2.61    683.23    664.92    713.06    124121    105158    472742 
2026-01-18 00:30:00      0      8.30      7.67      8.61     -4.72     -6.72     -2.98      5.05      3.17      7.36      3.97      1.16      6.33    133.36    112.01    154.75     28.23      8.28     50.38      1.25      0.10      2.44    681.79    666.06    703.56    143431    103207    298991 
2026-01-18 01:00:00      0      8.18      7.53      8.40     -5.12     -7.20     -2.03      5.75      3.88      7.54      1.91      0.38      4.98    131.31    105.03    151.69     14.16      2.80     37.44      0.80      0.10      1.79    680.04    651.99    722.73    179623    123858    307371 
2026-01-18 01:30:00      0      8.37      8.05      8.59     -6.40     -7.62     -4.63      5.08      1.91      6.59      1.78      0.14      3.80    141.47    125.35    165.64     12.26      0.98     26.28      0.57      0.10      1.80    667.13    644.97    718.36    225970    118845    443007 
2026-01-18 02:00:00      0      8.16      7.61      8.44     -4.16     -7.20     -1.61      6.44      0.76      7.69      2.02     -0.99      5.72    124.60    102.28    172.53     14.54     -7.44     44.40      0.58      0.10      2.36    690.63    654.68    718.14    133103    103435    295353 
2026-01-18 02:30:00      0      8.34      7.92      8.51     -6.14     -8.16     -3.56      4.66     -0.93      7.38      2.26     -0.40      5.08    144.86    115.74    187.56     15.53     -2.76     36.98      0.95      0.10      2.38    654.01    626.00    690.93    138420     92301    318596 
2026-01-18 03:00:00      0      8.05      6.71      8.48     -6.69     -8.20     -1.31      3.91      1.00      6.08      1.25     -3.67      4.29    142.40    102.27    172.68      8.58    -33.15     34.80      1.06      0.11      1.91    646.69    622.52    707.01    208720     93184    273880 
2026-01-18 03:30:00      0      8.16      7.61      8.39     -4.84     -7.19     -2.37      5.16      1.77      6.83      4.01     -0.54      5.24    132.68    109.15    166.16     29.80     -3.82     40.06      2.07      0.82      2.53    666.65    648.84    707.44    132336    111450    332230 
2026-01-18 04:00:00      0      7.85      7.02      8.32     -5.24     -6.97     -0.27      5.34      2.36      7.08      2.20     -2.76      4.87    131.82     92.73    160.36     16.87    -20.71     36.73      1.47      0.22      2.61    658.05    637.33    707.44    181301    135239    310270 
2026-01-18 04:30:00      0      7.84      6.64      8.34     -4.91     -6.75      0.58      5.95      3.04      6.88      1.11     -6.32      3.78    128.78     85.01    154.88      7.82    -59.72     27.79      1.16      0.20      2.37    654.36    639.97    712.25    165897    134756    264473 
2026-01-18 05:00:00      0      8.44      8.05      8.77     -6.25     -7.75     -3.06      5.44      1.89      7.22      1.58     -3.88      4.18    138.80    112.98    165.15     10.63    -27.81     29.94      1.18      0.10      1.82    634.80    610.96    677.48    145900    106689    270401 
2026-01-18 05:30:00      0      8.81      8.33      9.01     -5.90     -7.54     -4.37      6.10      3.94      6.93      2.41      0.27      3.90    134.51    122.56    150.74     15.99      1.82     25.84      1.36      0.83      1.96    625.35    605.55    655.62    110538     84169    141214 
2026-01-18 06:00:00      0      8.84      8.66      8.94     -5.70     -7.07     -4.70      6.44      4.39      7.20      1.70      0.56      3.27    131.76    124.05    148.17     11.18      3.67     21.56      1.12      0.57      1.64    625.68    610.91    637.54    103970     85294    125799 
2026-01-18 06:30:00      0      8.92      8.61      9.06     -6.13     -7.52     -4.77      6.16      5.03      7.11      0.76     -2.15      2.76    135.12    123.98    146.20      4.95    -14.17     18.01      0.93      0.12      1.95    613.59    596.46    680.58    117152     85542    209075 
2026-01-18 07:00:00      0      9.06      9.01      9.28     -6.72     -9.08     -5.77      6.00      1.63      7.02      0.96      0.02      1.91    140.68    129.43    169.83      5.94      0.12     12.01      1.03      0.62      1.82    606.33    573.14    613.78    115881     74480    146328 
2026-01-18 07:30:00      0    -99999    -99999    -99999    -99999    -99999    -99999    -99999    -99999    -99999    -99999    -99999    -99999    -99999    -99999    -99999    -99999    -99999    -99999    -99999    -99999    -99999    -99999    -99999    -99999    -99999    -99999    -99999 
2026-01-18 08:00:00      0      9.25      9.16      9.36     -8.58     -9.08     -8.01      3.22      1.63      4.49      0.96      0.19      1.43    159.78    150.77    169.83      5.94      1.21      8.91      1.32      0.59      1.85    575.06    558.28    593.54     97376     49215    138671 
2026-01-18 08:30:00      0      9.20      7.88      9.33     -8.68     -9.23     -5.71      2.77      0.07      6.53     -0.22     -2.70      3.53    156.55    131.77    179.55     -1.38    -17.32     23.25      1.14      0.24      2.36    575.41    555.66    607.18     80027     22754    186912 
2026-01-18 09:00:00      0      9.24      8.59      9.32     -8.13     -8.53     -7.67      4.31      3.17      5.02      0.49     -2.21      0.99    152.58    146.78    157.56      3.03    -14.94      6.13      0.77      0.24      1.39    564.99    546.74    590.42     84710     49646    131171 
2026-01-18 09:30:00      0      9.20      8.73      9.36     -8.80     -9.27     -6.95      1.80     -0.61      4.21     -2.21     -5.55      1.65    168.28    149.14    183.75    -13.93    -38.21     10.14      0.70      0.10      2.35    562.21    550.27    592.55     94336     29630    189500 
2026-01-18 10:00:00      0      9.22      9.10      9.32     -8.62     -9.24     -5.84      3.07      0.84      6.88     -1.56     -3.36      0.24    156.48    130.30    174.74     -9.65    -21.32      1.48      0.42      0.10      1.86    560.86    542.14    650.18    133585     47257    534021 
2026-01-18 10:30:00      0      9.23      8.83      9.32     -7.74     -8.38     -6.76      4.48      2.87      6.04     -1.02     -4.99      1.97    149.03    138.20    157.47     -6.36    -33.66     12.29      0.36      0.10      2.15    559.36    540.41    608.31    112111     64171    301536 
2026-01-18 11:00:00      0      9.22      8.66      9.34     -7.90     -8.40     -5.10      4.71      4.00      6.01     -0.77     -3.58      1.01    146.76    130.34    154.43     -4.82    -24.46      6.22      0.42      0.10      2.06    563.70    535.33    628.25    212113     35599    431374 
2026-01-18 11:30:00      0      9.09      8.78      9.21     -7.60     -8.79     -6.19      4.92      1.82      6.56     -0.47     -2.75      0.61    148.82    133.35    167.92     -2.97    -17.58      3.87      0.43      0.14      1.09    568.70    532.09    597.32    192906     46244    399057 
2026-01-18 12:00:00      0      9.03      8.34      9.30     -8.74     -9.21     -6.21      0.19     -1.91      3.69     -1.98     -5.56     -0.36    176.93    155.86    195.08    -12.72    -40.87     -2.28      0.63      0.10      1.45    554.87    522.71    599.70    224351     38667    351093 
2026-01-18 12:30:00      0      8.84      8.63      9.35     -7.36     -9.21     -4.81      4.89      1.30      7.29      0.09     -1.55      2.09    147.38    123.41    171.87      0.56    -10.30     13.41      0.69      0.27      1.31    549.20    516.04    598.38    143011     41158    262513 
2026-01-18 13:00:00      0      9.20      8.99      9.32     -7.97     -8.95     -7.49      4.33      2.00      5.28      0.56     -3.20      1.99    152.20    144.82    166.97      3.47    -20.32     12.48      0.70      0.33      1.24    539.11    515.14    568.16    155049     69840    292498 
2026-01-18 13:30:00      0      8.95      8.79      9.27     -7.95     -8.81     -6.49      4.16     -0.01      6.14     -0.44     -2.45      1.07    154.44    136.62    180.09     -2.80    -15.44      6.84      0.53      0.20      0.98    529.04    491.31    577.63     94207     46457    280120 
2026-01-18 14:00:00      0      8.61      8.25      9.12     -7.65     -8.20     -6.34     -1.47     -4.03      0.78     -3.97     -4.99     -1.96    191.04    173.84    210.03    -27.21    -34.45    -13.65      0.30      0.15      1.87    545.54    509.37    616.06    226575     64371    360463 
2026-01-18 14:30:00      0      9.26      8.87      9.46     -7.69     -9.00     -6.58     -4.25     -5.07      0.86     -3.27     -4.92     -2.25    199.49    173.94    217.13    -20.55    -32.06    -13.89      0.40      0.10      1.30    539.41    470.81    593.76    165581     34617    328137 
2026-01-18 15:00:00      0      9.25      8.85      9.49     -8.39     -8.91     -5.05     -1.90     -4.40      4.12     -3.42     -5.80      1.99    184.12    153.47    221.06    -21.72    -40.90     12.18      0.29      0.10      0.54    518.42    461.54    586.66    187897     33813    640541 
2026-01-18 15:30:00      0      9.33      8.97      9.71     -8.28     -9.38     -6.97      4.13      2.43      5.52      1.00     -1.60      2.81    152.89    141.90    165.50      6.12    -10.13     17.61      0.10      0.10      0.45    508.95    480.96    583.64    134778     71996    685453 
2026-01-18 16:00:00      0      9.12      5.93      9.24     -8.46     -8.91     -5.59      1.54      0.78      3.57     -1.59     -4.30      0.91    167.45    156.93    174.70    -10.04    -28.51      8.87      0.11      0.10      0.37    548.25    451.06    600.55    361210     34086    572141 
2026-01-18 16:30:00      0      8.81      8.70      8.95     -8.47     -8.70     -8.32      1.62      0.81      2.33     -1.73     -2.07     -0.91    169.39    164.36    174.64    -11.19    -13.67     -6.00      0.10      0.10      0.14    555.08    464.77    580.73    503308    120354    752785 
2026-01-18 17:00:00      0      8.79      8.68      8.91     -8.61     -8.87     -8.15      0.95     -1.53      1.85     -0.90     -2.71     -0.01    175.22    167.64    190.64     -5.82    -18.10     -0.08      0.10      0.10      0.10    502.02    429.14    567.59    370024     24835    552365 
2026-01-18 17:30:00      0      8.48      8.23      8.68     -7.79     -8.27     -5.91     -1.46     -3.14      2.62     -2.88     -5.13     -1.75    190.34    156.06    202.56    -19.61    -38.43    -12.04      0.10      0.10      0.55    484.57    459.06    575.03    131957     62209    851792 
2026-01-18 18:00:00      0      8.50      8.29      8.77     -7.25     -8.12     -5.63      0.50     -0.94      2.98     -4.47     -5.97     -3.30    172.75    153.63    186.77    -32.07    -45.30    -22.20      0.10      0.10      0.27    552.02    468.93    571.44    236430     41941    457411 
2026-01-18 18:30:00      0      8.47      7.83      8.70     -6.89     -7.90     -2.18     -1.25     -2.80     -0.46     -5.06     -7.47     -2.68    193.46    183.88    204.06    -36.67    -72.57    -18.17      0.10      0.10      0.42    517.65    440.50    554.79    169115     28210    460637 
2026-01-18 19:00:00      0      8.55      8.21      8.82     -5.95     -7.30     -3.11     -1.03     -2.81      0.15     -5.95     -7.60     -4.76    191.57    178.04    204.14    -44.01    -67.44    -32.62      0.12      0.10      0.20    531.88    472.90    562.68    202184     33263    351889 
2026-01-18 19:30:00      0      8.74      8.54      9.12     -8.07     -8.85     -7.25     -2.09     -4.52     -0.89     -3.06     -4.03      0.75    195.26    186.29    211.92    -20.36    -27.65      4.99      0.10      0.10      0.50    464.99    445.64    512.74     88603     32460    363799 
2026-01-18 20:00:00      0      8.26      8.04      8.52     -6.70     -7.56     -5.99     -2.75     -3.38     -1.33     -3.99     -5.18     -2.62    201.53    190.19    208.54    -29.08    -38.37    -18.02      0.27      0.10      0.86    480.79    451.59    540.91     93760     52162    426538 
2026-01-18 20:30:00      0      8.05      7.88      8.21     -6.49     -7.13     -4.15     -2.79     -4.86     -0.18     -4.10     -5.15     -2.99    203.43    181.46    226.99    -31.05    -40.81    -21.37      0.26      0.10      0.56    484.45    457.78    538.52     96674     51519    347309 
2026-01-18 21:00:00      0      7.71      6.95      7.93     -4.95     -6.97     -3.76     -3.85     -5.17      0.89     -4.54     -5.82     -1.87    211.68    171.01    233.17    -36.18    -53.47    -14.08      0.31      0.10      0.65    488.07    460.87    531.83     87851     43612    266258 
2026-01-18 21:30:00      0      7.56      7.22      7.71     -5.59     -6.32     -4.64     -2.26     -3.97      0.77     -4.62     -5.42     -1.19    201.13    172.11    214.22    -37.53    -46.13     -9.21      0.28      0.10      1.05    496.75    465.61    541.01    143176     58997    250233 
2026-01-18 22:00:00      0      7.27      6.98      7.72     -5.41     -6.72     -3.71     -1.55     -4.28     -0.08     -4.65     -5.97     -0.60    196.97    180.85    214.10    -40.59    -58.13     -4.46      0.27      0.10      1.01    482.51    447.52    562.78    124996     25545    268392 
2026-01-18 22:30:00      0      7.46      6.98      7.72     -5.41     -6.60     -4.34     -0.70     -2.87      3.51     -5.07     -5.67     -3.30    185.66    144.78    208.56    -42.08    -50.38    -26.50      0.13      0.10      0.44    512.07    460.01    539.92    163443     38584    255969 
2026-01-18 23:00:00      0      7.84      7.50      7.98     -6.28     -7.14     -5.48     -1.78     -3.16      0.85     -4.24     -4.82     -3.35    194.19    172.87    209.06    -32.93    -37.95    -25.23      0.29      0.10      0.64    473.74    453.89    530.98     76585     33229    433738 
2026-01-18 23:30:00      0      7.57      7.34      7.82     -6.25     -6.64     -5.10      0.48     -3.20      2.46     -4.03     -5.26     -2.95    175.91    157.86    212.08    -32.58    -42.94    -22.91      0.15      0.10      0.39    517.75    474.35    540.78    210461     67657    356267 
2026-01-19 00:00:00      0      7.53      6.94      7.97     -7.07     -7.60     -5.58      0.26     -3.38      3.75     -2.26     -4.86      0.21    176.78    147.43    209.41    -17.02    -41.02      1.53      0.14      0.10      1.55    479.32    426.88    535.69    201046     29184    418897 
2026-01-19 00:30:00      0      7.62      7.39      7.74     -6.39     -7.34     -4.43      4.09      0.93      5.78      1.08     -2.22      2.69    147.82    127.47    172.56      8.22    -17.18     20.58      0.10      0.10      0.59    463.76    431.65    530.98     71875     39351    648286 
2026-01-19 01:00:00      0      7.78      7.63      7.97     -6.16     -7.24     -5.10      4.01      2.64      5.20      2.55      0.97      3.41    147.26    134.45    159.73     18.92      7.24     26.39      0.55      0.10      1.01    459.17    433.45    476.03     28610     19731     61478 
2026-01-19 01:30:00      0      7.86      7.67      8.33     -5.87     -6.91     -4.40      3.13      1.46      5.63      4.18      2.79      5.35    149.48    128.06    167.98     32.13     21.00     42.98      1.56      0.72      2.58    463.71    454.44    472.81     35030     26367     51158 
2026-01-19 02:00:00      0      8.40      8.11      8.56     -6.91     -7.74     -5.70      3.73      2.09      5.36      2.88      0.39      4.64    151.75    137.54    162.51     20.27      2.64     33.70      0.97      0.10      2.22    456.72    444.67    470.70     30084     26273     66194 
2026-01-19 02:30:00      0      8.67      8.56      8.90     -8.09     -8.51     -6.68      2.89      1.47      4.34     -0.77     -1.44      3.14    159.61    146.98    170.20     -5.00     -9.46     21.51      0.10      0.10      0.79    432.23    416.10    454.98     41610     23060     66754 
2026-01-19 03:00:00      0      8.62      8.52      8.78     -7.95     -8.45     -7.53      3.16      2.02      4.02     -0.76     -1.62      1.29    157.95    151.91    166.58     -5.13    -10.89      8.42      0.10      0.10      0.51    433.54    423.54    449.49     44886     20048     58698 
2026-01-19 03:30:00      0      8.47      8.11      8.65     -8.17     -8.42     -7.72      2.20      0.23      3.28      0.91      0.10      1.73    167.09    157.01    178.42      6.18      0.72     11.80      0.47      0.10      1.53    435.94    429.93    439.28     27458     17753     59109 
2026-01-19 04:00:00      0      8.46      8.23      8.55     -7.86     -8.23     -7.06      2.03     -1.67      3.67      2.66      0.20      3.78    168.98    152.52    191.97     18.29      1.38     26.64      1.52      0.10      3.02    436.93    432.32    449.37     25865     23421     37293 
2026-01-19 04:30:00      0      8.33      8.05      8.53     -7.72     -8.31     -6.67     -0.57     -1.29      0.36      3.15      0.81      4.74    184.11    177.48    190.42     22.14      5.60     35.23      2.44      1.03      3.07    437.71    431.93    447.73     26413     23204     29375 
2026-01-19 05:00:00      0      8.41      8.17      8.59     -8.09     -8.43     -7.60     -1.09     -2.00      1.86      1.53     -1.50      3.57    186.28    167.02    194.04     10.37    -10.27     24.65      2.14      0.10      3.07    432.44    418.54    440.68     25063     17363     37348 
2026-01-19 05:30:00      0      8.28      8.15      8.39     -8.17     -8.33     -7.89     -0.56     -1.76      0.71      1.08      0.43      2.01    184.58    175.02    192.52      7.46      2.94     13.89      1.44      0.86      2.51    428.84    425.19    433.79     24523     21181     27400 
2026-01-19 06:00:00      0      8.39      8.17      8.51     -8.06     -8.32     -7.66      0.83     -0.41      2.83      2.01     -0.04      3.06    172.17    159.77    182.88     13.70     -0.28     21.48      1.78      0.31      2.49    426.45    423.57    431.77     25003     22501     28783 
2026-01-19 06:30:00      0      8.44      8.21      8.57     -8.07     -8.40     -7.84      0.87     -0.42      1.53      2.11      0.59      2.97    174.30    169.25    182.89     14.53      4.04     20.44      1.66      0.84      2.47    426.05    421.06    430.83     23936     21097     26412 
2026-01-19 07:00:00      0      8.23      8.00      8.40     -7.84     -8.11     -7.23      1.16     -3.12      2.19      1.89     -1.76      3.04    176.62    164.34    203.35     13.14    -12.57     21.72      1.52      0.25      2.64    424.88    409.62    433.77     24753     18095     40523 
2026-01-19 07:30:00      0    -99999    -99999    -99999    -99999    -99999    -99999    -99999    -99999    -99999    -99999    -99999    -99999    -99999    -99999    -99999    -99999    -99999    -99999    -99999    -99999    -99999    -99999    -99999    -99999    -99999    -99999    -99999 
2026-01-19 08:00:00      0      7.96      7.66      8.25     -7.78     -8.05     -7.39      1.75      1.21      2.62      0.16     -0.90      0.62    167.07    160.74    171.42      1.15     -6.72      4.39      0.25      0.10      0.48    414.86    404.02    435.03     37244     24342     64141 
2026-01-19 08:30:00      0      7.86      7.65      8.08     -7.64     -7.88     -7.21      1.84      0.65      2.58      0.26     -1.70      1.00    166.66    161.20    175.17      1.89    -12.71      7.26      0.30      0.10      1.04    413.75    354.83    435.36     49897     21136    310034 
2026-01-19 09:00:00      0      8.00      7.30      8.34     -7.54     -8.00     -6.37      2.62     -0.11      3.55     -0.70     -2.70      0.66    162.74    151.30    180.76     -5.01    -19.88      4.78      0.20      0.10     44.34    406.95    318.23    435.81     62506     11484    159184 
2026-01-19 09:30:00      0      8.27      8.02      8.59     -7.47     -7.97     -5.04      1.08      0.00      5.20     -3.16     -4.53      4.21    168.34    134.10    179.99    -22.66    -32.75     30.18      0.88      0.25     13.25    292.83    269.46    303.17     63291     20765    112553 
2026-01-19 10:00:00      0      8.67      8.35      8.88     -6.57     -7.11     -5.97      4.38      3.84      5.68      3.25      2.52      3.90    145.64    136.93    150.58     22.22     16.83     27.04      1.00      0.34      1.55    289.47    265.39    298.88     63539     20756    171410 
2026-01-19 10:30:00      0      8.67      8.41      8.87     -8.22     -8.59     -5.83      2.81      2.01      5.73     -0.28     -1.02      3.17    157.80    135.47    166.82     -1.82     -6.69     21.63      1.75      0.40      2.24    290.60    259.33    297.00     68738     11772    358940 
2026-01-19 11:00:00      0      8.75      8.57      8.95     -7.61     -8.63     -7.05      4.14      2.10      4.96      0.63     -1.15      1.79    152.75    144.89    166.31      4.05     -7.48     11.84      1.54      0.63      3.71    289.91    267.56    294.50     66392     28170    122762 
2026-01-19 11:30:00      0      8.65      8.43      9.04     -7.19     -7.69     -5.84      4.56      3.59      5.39      1.44     -0.28      4.07    147.23    141.47    154.51      9.58     -1.85     28.85      1.80      0.39      2.42    290.39    261.97    293.65     68120     12033    310845 
2026-01-19 12:00:00      0      8.67      8.29      9.15     -7.18     -7.80     -6.40      4.83      4.06      5.96     -0.16     -1.59      1.43    145.25    138.27    152.38     -1.05    -10.42      9.61      1.98      0.33      2.41    289.67    257.59    293.78     66766     14038    294528 
2026-01-19 12:30:00      0      8.53      8.29      8.97     -7.12     -7.66     -6.60      4.51      3.79      5.48     -0.92     -2.13      0.42    147.39    141.23    153.56     -6.15    -14.58      2.69      1.61      0.34      2.03    291.07    275.49    296.62     64595     34588    163335 
2026-01-19 13:00:00      0      8.71      8.40      9.13     -7.25     -8.25     -6.52      4.22      3.39      5.16     -2.22     -4.14      0.08    149.52    141.62    154.92    -14.61    -27.41      0.49      0.94      0.15      1.56    289.62    264.47    300.06     72965     15730    292610 
2026-01-19 13:30:00      0      9.00      8.58      9.48     -8.08     -8.59     -5.55      3.76      2.70      5.18     -1.25     -4.00      0.06    154.56    137.00    162.35     -7.92    -27.76      0.39      1.27      0.18      1.69    290.71    259.41    299.54     65838     13152    162967 
2026-01-19 14:00:00      0      8.53      8.12      8.94     -7.15     -8.37     -6.34      3.96      2.11      5.35     -1.60     -4.24     -0.04    150.85    139.96    165.05    -10.30    -29.75     -0.29      1.07      0.26      1.79    291.29    262.45    303.03     71899     35362    168255 
2026-01-19 14:30:00      0      8.91      8.33      9.95     -7.53     -8.58     -6.36      1.48     -2.82      5.00     -4.37     -5.43      0.42    169.68    141.87    201.92    -29.43    -34.39      2.87      1.65      0.69      2.48    292.06    266.40    298.42     74187     26732    113543 
2026-01-19 15:00:00      0      8.34      7.41      8.95     -7.02     -8.03     -5.79      3.99      1.73      5.74     -1.58     -5.00      1.30    151.44    138.71    167.83    -10.52    -36.81      9.24      2.97      0.55      3.41    292.44    267.80    296.81     69308     39789    280357 
2026-01-19 15:30:00      0      8.12      7.28      8.77     -6.43     -7.98     -5.35      2.74     -2.86      5.48     -3.05     -5.96     -0.12    162.25    138.09    205.04    -21.87    -47.99     -0.85      2.59      1.02     26.98    291.05    264.58    295.75     68168     15531    122314 
2026-01-19 16:00:00      0      8.55      8.01      9.37     -5.97     -7.26     -4.42      3.06     -1.39      5.34     -4.95     -6.50     -3.87    155.39    130.42    190.89    -36.02    -44.68    -27.68      2.49      0.62      6.88    290.34    258.51    297.76     70056     16441    118841 
2026-01-19 16:30:00      0      8.33      5.25      9.47     -5.38     -7.88     -0.69      2.82     -2.17      5.47     -2.44     -7.99      7.29    150.35     98.01    210.99    -16.19    -60.61     72.69      3.42      1.47      5.07    291.29    271.08    295.09     70796     33986    121009 
2026-01-19 17:00:00      0      6.62      5.26      7.97     -5.20     -6.79     -3.15      2.90      0.64      5.28     -0.89     -5.57      3.25    149.66    123.78    174.27     -8.34    -46.72     30.40      5.94      1.34      7.17    290.86    270.73    293.68     66488     34810    165584 
2026-01-19 17:30:00      0      8.25      6.41     10.10     -7.68     -9.27     -5.37      2.57     -2.34      4.62     -2.16     -5.73     -0.52    163.77    148.07    203.55    -14.01    -39.76     -3.19      6.14      1.40      9.79    291.40    258.11    307.53     69264     15594    132228 
2026-01-19 18:00:00      0      7.93      6.25     10.47     -6.13     -9.35     -4.15      1.60     -4.42      5.51     -3.89     -8.02      0.85    166.75    132.42    215.78    -30.80    -53.88      6.53      8.90      3.87     13.75    291.61    268.72    310.53     67829     30126    151351 
2026-01-19 18:30:00      0      6.63      3.36     86.67     -4.35     -9.54      4.59     -0.67    -80.53      6.10     -3.05    -31.71      2.57    185.26    108.10    289.84    -23.42    -58.62     38.94     15.64     11.34     22.08    291.12    289.97    292.37     68723     64130     71331 
2026-01-19 19:00:00      0     24.79     10.86     54.91    -11.27    -36.25      9.29    -11.13    -34.77     21.57     -8.96    -38.51     11.60    206.49    117.68    299.73    -19.16    -69.21     45.03     24.12     18.88     29.10    291.59    288.60    292.36     67612     64962     72337 
2026-01-19 19:30:00      0     22.66      9.60     40.65    -13.45    -20.68      8.00     -7.46    -19.24     22.91      4.68    -32.17     22.49    221.57    105.64    336.19     10.27    -65.66     77.00     10.53      6.16     19.66    291.40    268.40    292.35     66926     28044     71049 
2026-01-19 20:00:00      0     33.01     18.14     46.53    -16.51    -31.61     -4.84    -11.62    -33.42     24.96    -24.59    -36.28     19.64    202.24    119.34    259.61    -43.62    -62.99     42.22      9.25      2.89     10.95    291.26    268.65    292.55     67379     28487     70066 
2026-01-19 20:30:00      0     39.81     22.88     56.37    -16.29    -27.64     19.75     22.09    -16.90     43.89    -22.68    -49.07     34.38    134.70     10.40    217.41    -36.82    -65.45     59.71      4.96      1.68      7.44    291.04    263.10    295.70     66861     18989    112205 
2026-01-19 21:00:00      0     88.75     32.16     91.32     37.74    -34.87     59.30    -45.83    -55.33     51.91     52.46    -58.44     68.47    315.51    112.40    321.71     35.73    -52.77     58.70      4.45      0.10     12.97    402.71    270.31   1130.88    123629     52191    911816 
2026-01-19 21:30:00      0     72.35     62.78     88.18     11.92     -3.81     60.59     -8.54    -45.65     14.33     68.68     44.95     80.60    326.17     13.39    350.67     77.57     30.65     84.24      6.14      0.10     15.14   1070.97    572.79   1178.24    516389    131582   1034919 
2026-01-19 22:00:00      0     62.73     57.26     64.70     15.27     -2.06     31.44    -21.14    -29.93     -3.96     57.05     47.32     60.95    311.41    249.25    347.56     65.46     47.86     84.56      4.11      1.31      8.95   1101.78   1037.45   1165.71    422641    218721    830727 
2026-01-19 22:30:00      0     60.58     56.93     66.30      1.91     -2.71     21.98    -10.00    -22.96      7.38     59.50     56.78     60.95    304.72     63.11    341.01     78.35     61.41     86.79      2.40      0.83     10.25   1056.66   1002.95   1101.68    295964    173075    715541 
2026-01-19 23:00:00      0     62.00     58.12     64.14      1.09     -2.93     11.34    -19.80    -32.30     -3.47     57.98     54.66     60.91    276.71    233.82    311.05     70.72     59.34     85.76      3.01      0.13      6.08   1060.31   1005.38   1071.19    270127    145857    705563 
2026-01-19 23:30:00      0     61.40     57.38     63.77      1.49    -19.10      7.62    -30.44    -36.72     10.56     54.06     49.21     58.76    261.55    151.06    281.79     59.95     52.69     77.78      2.53      0.10      6.62   1047.34    932.41   1072.88    262014    178382    891353 
2026-01-20 00:00:00      0     60.96     60.18     61.73    -18.62    -25.15    -13.89     10.87      3.00     31.37     56.72     46.59     60.00    146.50    126.62    167.82     67.41     49.94     76.62      4.53      3.29      8.32   1033.50   1018.54   1049.40    110020     68161    233122 
2026-01-20 00:30:00      0     59.08     58.00     60.06    -25.36    -31.90    -23.01     30.03     24.62     32.43     43.71     37.36     48.31    131.31    128.25    135.01     47.95     39.63     54.52      2.83      1.77      5.18   1036.39   1012.74   1051.35     66166     37735    105444 
2026-01-20 01:00:00      0     56.60     55.35     58.00    -25.95    -29.55    -24.04     30.10     27.88     32.77     40.14     37.30     42.67    131.03    127.88    134.67     45.48     41.14     48.32      3.47      2.52      5.88   1013.03   1000.58   1028.57     51549     36221     73571 
2026-01-20 01:30:00      0     53.70     51.96     55.28    -23.28    -27.06    -20.49     34.80     28.23     37.20     33.70     29.97     39.66    124.37    119.04    132.69     38.87     35.22     45.84      3.94      3.12      5.40    972.70    954.56   1010.26     40811     30080     51463 
2026-01-20 02:00:00      0     49.85     48.53     51.88    -24.22    -26.40    -19.86     35.48     34.75     37.26     24.61     21.01     30.15    124.17    118.06    126.86     29.58     25.52     35.53      3.93      2.55      4.79    958.49    935.35    974.35     36291     30018     46978 
2026-01-20 02:30:00      0     47.13     45.78     48.44    -22.67    -25.61    -19.93     37.11     35.48     38.52     17.94     15.40     21.17    122.01    117.36    125.75     22.32     19.54     26.47      4.02      3.03      5.53    932.18    905.30    952.43     31293     20779     45722 
2026-01-20 03:00:00      0     44.44     43.15     45.71    -18.82    -21.58    -12.36     38.06     36.87     39.09     13.03     11.41     16.22    115.84    107.54    120.34     17.31     15.05     20.79      2.70      0.71      4.60    903.24    887.68    915.48     28302     24091     68585 
2026-01-20 03:30:00      0     41.52     40.67     43.03    -14.31    -14.85     -7.66     38.89     38.19     39.40      6.42      1.76     13.23    108.23    101.26    111.08      8.95      2.44     17.96      1.02      0.23      2.77    906.19    894.57    915.27     28913     20258     79602 
2026-01-20 04:00:00      0     39.65     38.81     40.66     -7.94    -10.18     -6.73     38.39     37.47     38.90      6.10      3.03     10.13    101.88     99.91    105.20      8.78      4.47     14.42      2.19      1.64      3.00    908.05    888.48    929.61     22034     15146     44245 
2026-01-20 04:30:00      0     37.90     36.94     38.76     -7.46     -8.36     -6.62     36.98     35.75     37.89      3.70      0.98      4.87    101.53    100.16    103.02      5.61      1.49      7.47      1.60      1.12      2.34    916.24    888.43    937.40     22587     15578    177480 
2026-01-20 05:00:00      0     35.99     35.05     36.89     -7.66     -8.89     -4.91     35.28     34.22     35.72     -0.53     -5.76      4.58    102.02     98.16    104.15     -0.84     -9.46      7.15      0.88      0.26      1.48    888.91    853.20    899.62     41623     21100    134977 
2026-01-20 05:30:00      0     33.80     32.40     34.91     -5.63    -10.31      5.34     32.37     21.44     33.92     -7.58    -24.23      2.47     98.22     77.01    109.30    -12.64    -48.40      4.22      0.22      0.10      1.55    883.43    821.90    979.94    104043     26498    317495 
2026-01-20 06:00:00      0     31.64     30.26     32.52      0.94     -1.88      6.34     25.06     21.77     26.69    -18.64    -21.92    -16.56     86.23     74.64     94.20    -36.15    -43.17    -31.82      0.10      0.10      0.18    933.65    907.96    982.91    288482    220952    358611 
2026-01-20 06:30:00      0     30.49     28.27     30.99      1.73     -1.18      6.01     23.57      5.59     26.49    -19.00    -27.10    -15.52     83.82     42.94     92.56    -38.58    -73.16    -30.34      0.10      0.10      2.01    956.57    888.14    991.20    415079    112318    881820 
2026-01-20 07:00:00      0     29.43     27.23     29.80      0.14     -2.42      2.16     23.68     21.14     28.48    -16.82    -20.22     -7.57     90.25     85.67     95.84    -35.21    -43.58    -14.84      0.45      0.12      1.49    935.40    914.99    959.55    200087    117168    303938 
2026-01-20 07:30:00      0    -99999    -99999    -99999    -99999    -99999    -99999    -99999    -99999    -99999    -99999    -99999    -99999    -99999    -99999    -99999    -99999    -99999    -99999    -99999    -99999    -99999    -99999    -99999    -99999    -99999    -99999    -99999 
2026-01-20 08:00:00      0     26.38     25.39     27.23      2.39      1.27      4.10     22.16     19.39     23.36    -14.25    -17.45    -13.05     83.70     79.63     86.88    -32.46    -41.90    -29.94      0.86      0.42      1.57    930.50    886.48    972.83    194240    108571    272342 
2026-01-20 08:30:00      0     24.91     23.51     25.42     -4.01     -9.42      3.29     16.31     13.40     19.58    -18.34    -19.53    -13.88    102.61     80.23    121.73    -47.42    -52.88    -35.63      2.41      1.38      7.73    934.32    854.51   1065.05     75307     38455    300933 
2026-01-20 09:00:00      0     22.61     20.09     23.96      0.12     -3.38      3.64     16.50     13.73     21.80    -14.49    -17.46     -8.23     89.27     78.66    103.21    -40.97    -50.69    -20.45      1.23      0.16      3.68    939.02    835.46    975.18    156059     35372    351240 
2026-01-20 09:30:00      0     19.82     16.33     20.34     -3.06     -5.26      2.05     10.32      1.33     19.04    -14.89    -19.34     -6.91    108.82     83.80    165.75    -52.97    -74.81    -20.04      2.79      0.66      5.67    925.29    867.36    995.22    104885     12926    217159 
2026-01-20 10:00:00      0     16.04     12.35     18.58     -3.98     -5.18     -2.70      8.91      2.65     10.17    -13.01    -15.63     -9.16    115.74    107.70    152.90    -51.93    -65.91    -45.01      2.94      1.61      4.49    934.66    859.79    971.74     86341     35508    142178 
2026-01-20 10:30:00      0     14.14     12.81     15.19     -5.28     -7.18     -3.55      4.67      1.56      9.69    -12.14    -13.74     -8.36    141.55    110.12    165.68    -60.01    -65.34    -39.85      2.79      1.26      4.87    944.98    865.55   1008.55     70463     17491    200735 
2026-01-20 11:00:00      0     14.29     13.68     15.13     -4.06     -5.28     -1.93     11.45      8.25     13.55     -8.30    -10.99      0.09    109.84     98.11    119.69    -34.56    -48.49      0.40      0.97      0.36      2.65    926.92    835.17    984.20    132519     51121    308709 
2026-01-20 11:30:00      0     13.73     13.53     13.91     -2.95     -3.47     -1.78     12.91     11.38     13.55     -3.40     -6.73      1.37    102.43     97.49    106.22    -14.32    -29.76      5.76      4.25      1.41      6.55    933.10    864.64    958.28     35159     20508     70159 
2026-01-20 12:00:00      0     13.56     13.44     13.97     -3.32     -3.78      1.09     12.43     11.59     13.83     -4.16     -5.72      2.59    102.48     85.31    108.05    -18.00    -25.14     11.04      3.34      1.24      4.94    940.51    901.60   1014.05     36584     17981   2088924 
2026-01-20 12:30:00      0     14.21     13.47     14.33     -5.36     -7.34     -0.76     11.95     11.49     13.97     -4.13     -6.35     -0.48    111.64     93.17    122.48    -16.86    -26.31     -2.00      1.33      0.31      4.20    926.74    877.55    975.20     52507     18083    152745 
2026-01-20 13:00:00      0     14.15     13.72     14.38     -4.47     -6.29     -3.26      9.54      8.39     11.84     -9.63    -10.48     -6.28    115.47    108.42    122.63    -42.61    -48.17    -25.93      0.26      0.15      0.74    907.93    841.13    954.14    158120     60161    303736 
2026-01-20 13:30:00      0     14.41     14.26     14.57     -5.38     -6.47     -4.41      9.60      9.03     10.69     -9.07    -10.03     -7.88    118.73    114.96    124.25    -38.92    -44.48    -32.83      0.23      0.13      0.53    893.48    820.29    947.84    158678     56117    431409 
2026-01-20 14:00:00      0     14.85     14.54     15.00     -6.25     -7.19     -5.61     10.47     10.04     11.62     -8.29     -8.83     -7.31    120.71    116.28    124.71    -34.03    -36.58    -29.37      0.27      0.17      0.39    883.97    817.72    918.91    135638     58320    296328 
2026-01-20 14:30:00      0     15.34     15.01     15.44     -7.61     -8.23     -7.16     10.61      9.21     11.55     -8.00     -9.11     -7.12    126.05    121.81    130.86    -31.65    -36.81    -27.66      0.31      0.23      0.41    868.01    819.46    895.34    136325     75225    282924 
2026-01-20 15:00:00      0     15.55     15.44     15.61     -8.82     -9.32     -7.70     10.84     10.23     11.32     -6.89     -7.69     -6.46    128.41    124.51    132.29    -26.33    -29.67    -24.54      0.44      0.27      0.84    860.21    811.28    884.38     89899     38076    167249 
2026-01-20 15:30:00      0     15.76     15.58     16.42     -9.88    -11.10     -8.84     10.95      9.93     13.41     -5.44     -6.81     -2.84    131.60    124.00    138.19    -20.11    -25.44     -9.97      0.47      0.10      2.59    861.43    807.05    897.06    107116     30248    269862 
2026-01-20 16:00:00      0     17.10     16.42     17.72    -10.07    -11.82     -9.05     12.92     11.43     13.49     -4.87     -6.62     -2.84    128.89    124.00    135.94    -16.58    -21.92     -9.97      0.36      0.19      0.93    870.71    821.03    895.48    186660     84038    411989 
2026-01-20 16:30:00      0     19.67     17.77     19.98    -13.26    -15.12    -11.76     12.89     11.45     13.73     -5.97     -7.24     -3.26    136.20    134.18    140.26    -18.40    -22.43     -9.41      0.25      0.13      0.50    874.68    811.83    900.38    352432    186283    556505 
2026-01-20 17:00:00      0     20.79     19.97     21.42    -15.22    -17.18    -11.89     12.16      9.67     13.04    -10.50    -14.05      2.52    139.98    133.19    145.02    -30.43    -42.39      6.91      0.67      0.17      3.96    850.57    795.47    910.13    162257     33574    431189 
2026-01-20 17:30:00      0     20.92     20.67     21.33    -14.13    -15.60    -11.84      9.87      9.22     10.77    -12.07    -13.69     -9.82    144.36    138.72    149.22    -35.72    -41.09    -27.79      1.50      0.21      2.60    830.04    756.27    870.95     53455     28774    139952 
2026-01-20 18:00:00      0     21.45     20.91     21.80    -15.32    -16.86    -10.87      8.73     -4.83     10.67    -11.91    -17.85    -10.28    156.96    144.23    203.97    -33.69    -56.33    -29.43      0.94      0.45      3.21    851.99    805.00    894.42    174480     37564    368950 
2026-01-20 18:30:00      0     20.89     20.54     21.79    -13.87    -15.24    -11.27     -2.20     -6.39      0.96    -15.52    -17.42    -13.81    191.80    176.25    209.06    -47.92    -53.42    -42.17      0.24      0.17      1.65    877.76    862.66    896.45    273092     95127    363230 
2026-01-20 19:00:00      0     19.89     19.45     20.51    -15.26    -16.18    -14.55     -2.37     -3.93      0.72    -12.71    -14.07    -11.65    187.86    177.31    193.66    -39.21    -43.42    -34.98      0.35      0.18      0.81    863.42    829.23    913.12    292567    123436    552625 
2026-01-20 19:30:00      0     19.29     16.18     19.79    -14.79    -16.10    -12.20     -1.80     -4.40     -0.10    -12.49    -13.77    -10.63    187.21    180.38    196.81    -40.31    -45.54    -34.55      0.33      0.10      1.22    870.97    818.67    909.70    323431    138338    529150 
2026-01-20 20:00:00      0     18.66     16.07     19.01    -13.19    -14.32    -11.19     -3.37     -6.77      0.26    -12.12    -13.86     -9.82    195.56    178.89    208.94    -40.66    -47.90    -37.66      0.21      0.10      0.35    864.60    832.62    892.10    311281    108796    533690 
2026-01-20 20:30:00      0     17.75     17.36     18.15     -8.27    -11.04     -6.91     -1.67     -6.17     -0.18    -15.47    -16.34    -13.48    193.01    181.42    211.69    -61.88    -66.35    -48.39      0.13      0.10      0.21    860.93    804.30    879.28    197218     77634    327560 
2026-01-20 21:00:00      0     16.78     16.49     17.38    -12.66    -14.32     -7.56     -0.49     -1.23      0.89    -11.23    -15.46     -8.38    181.65    175.33    185.47    -41.77    -63.57    -30.31      0.19      0.10      0.26    826.66    803.71    851.80    248114     84401    353355 
2026-01-20 21:30:00      0     15.84     14.39     16.49    -11.61    -15.65     -3.72     -1.37     -2.71      0.71    -10.46    -13.90     -4.20    185.62    175.67    191.66    -41.72    -75.01    -14.87      0.25      0.10      5.28    812.79    774.12    847.56    237081     33971    358132 
2026-01-20 22:00:00      0    -99999    -99999    -99999    -99999    -99999    -99999    -99999    -99999    -99999    -99999    -99999    -99999    -99999    -99999    -99999    -99999    -99999    -99999    -99999    -99999    -99999    -99999    -99999    -99999    -99999    -99999    -99999 
2026-01-20 22:30:00      0     15.01     14.34     15.26    -11.12    -12.94     -3.02     -0.79     -1.94      0.66    -10.05    -14.08     -7.97    183.32    167.68    189.03    -42.27    -77.62    -31.51      0.25      0.10      0.64    823.07    774.12    858.81    290787     81547    450847 
2026-01-20 23:00:00      0     14.38     13.58     14.68     -8.56    -11.25     -7.44     -0.94     -5.75      2.20    -11.37    -12.24     -8.13    185.07    164.01    209.52    -53.82    -58.31    -34.58      0.30      0.11      0.38    823.17    771.62    834.22    186576    147145    332203 
2026-01-20 23:30:00      0     13.76     13.24     14.64    -11.29    -13.41     -5.27     -3.84     -7.05      3.37     -6.60    -13.06      1.50    194.35    162.87    212.29    -28.55    -67.60      6.39      0.10      0.10      0.96    776.12    728.20    836.83    179919     68449    431101 
2026-01-21 00:00:00      0     12.94     12.35     13.40    -11.43    -11.96    -11.09     -3.57     -4.58     -3.16     -5.14     -5.39     -2.54    197.60    194.81    201.86    -22.78    -24.87    -11.62      0.16      0.12      0.18    760.47    750.57    769.91    114773     76129    161240 
2026-01-21 00:30:00      0     11.61     11.21     12.33     -9.71    -11.67     -8.46     -2.69     -4.18     -1.40     -5.74     -7.30     -0.84    195.55    189.02    200.09    -29.66    -40.41     -3.95      0.10      0.10      0.19    742.29    712.96    768.67    132399     44707    298647 
2026-01-21 01:00:00      0     10.78     10.37     11.47     -9.30    -10.08     -8.84     -3.22     -5.32     -1.29     -4.46     -5.41     -1.37    198.71    187.98    211.04    -24.39    -28.24     -7.57      0.20      0.10      0.56    774.35    709.44    800.74    181826     47965    333351 
2026-01-21 01:30:00      0      9.49      8.96     10.42     -7.17     -8.67     -6.19      0.54     -6.70      1.99     -6.21     -6.92      1.24    181.78    162.86    222.42    -40.87    -47.03      7.13      0.91      0.16      1.55    789.77    740.78    797.02     69623     53079    214372 
2026-01-21 02:00:00      0      9.31      8.71      9.65     -5.80     -6.93     -4.27      3.19      1.18      5.43     -6.60     -6.97     -5.55    150.82    128.16    170.32    -44.42    -50.59    -37.81      1.27      0.55      1.50    788.49    768.31    795.34     55563     36177     91489 
2026-01-21 02:30:00      0      9.25      8.72     10.05     -4.89     -5.92     -3.64      3.66      2.71      4.50     -7.07     -7.80     -5.95    142.67    128.97    152.73    -49.57    -53.95    -43.04      1.17      0.51      1.74    778.82    774.84    791.54     50443     38310     79994 
2026-01-21 03:00:00      0      8.93      8.46      9.65     -3.78     -4.53     -2.82      5.12      4.10      5.99     -6.26     -7.13     -5.86    126.38    115.71    133.31    -44.39    -49.01    -41.49      0.50      0.35      1.36    770.48    763.59    781.16     59428     45561     71203 
2026-01-21 03:30:00      0      8.47      8.02      8.70     -3.35     -5.41     -2.08      4.68      3.84      5.71     -6.13     -6.68     -3.87    124.51    111.61    140.34    -46.39    -50.89    -28.80      0.38      0.30      0.78    766.42    762.93    774.18     58794     44710     89157 
2026-01-21 04:00:00      0      5.40      3.35      7.85     -4.09     -5.28     -1.68      2.78      1.50      3.74     -2.68     -5.17     -1.63    145.82    134.99    157.74    -32.36    -49.91    -18.60      1.59      0.65      2.41    757.98    751.94    771.03     81776     54690    101740 
2026-01-21 04:30:00      0      7.89      7.73      8.09     -4.21     -4.91     -3.01      4.10      3.59      4.43     -5.35     -5.89     -4.94    134.79    124.17    143.43    -42.03    -48.84    -38.94      1.50      1.18      1.93    747.93    743.04    755.76     42348     34302     51611 
2026-01-21 05:00:00      0      7.94      7.73      8.06     -4.39     -4.82     -3.88      4.31      3.99      4.55     -5.02     -5.51     -4.85    135.80    131.03    139.89    -39.19    -44.00    -37.17      1.42      1.21      2.58    742.08    733.72    747.18     43202     33810     55169 
2026-01-21 05:30:00      0      7.80      7.68      7.91     -4.80     -6.00     -4.00      4.19      3.28      4.65     -4.56     -5.07     -3.95    138.57    131.37    151.32    -35.68    -40.68    -30.00      1.36      1.10      1.74    734.28    728.66    736.76     42578     38273     51391 
2026-01-21 06:00:00      0      7.67      7.20      7.98     -4.09     -5.31     -2.87      4.31      3.61      5.09     -4.66     -5.09     -4.27    133.08    122.15    145.60    -38.25    -45.03    -33.46      1.22      0.82      1.61    725.67    716.48    732.62     43512     36469     55120 
2026-01-21 06:30:00      0      7.98      7.16      8.09     -4.16     -4.74     -2.86      4.71      4.33      5.00     -4.80     -5.16     -3.94    130.84    122.79    136.13    -37.18    -42.48    -31.30      1.43      1.00      1.68    721.35    719.28    724.95     36245     27736     47785 
2026-01-21 07:00:00      0      7.83      7.61      8.97     -4.12     -4.50     -3.61      4.51      4.06      5.38     -4.96     -5.85     -4.36    132.11    126.28    136.61    -39.21    -42.38    -34.81      1.59      1.34      2.29    720.29    703.05    741.37     36864     24908     46106 
2026-01-21 07:30:00      0    -99999    -99999    -99999    -99999    -99999    -99999    -99999    -99999    -99999    -99999    -99999    -99999    -99999    -99999    -99999    -99999    -99999    -99999    -99999    -99999    -99999    -99999    -99999    -99999    -99999    -99999    -99999 
2026-01-21 08:00:00      0      9.03      7.82      9.45     -4.43     -5.34     -3.45      4.99      4.39      5.63     -5.83     -6.11     -4.79    131.34    123.95    139.08    -40.17    -43.93    -36.37      1.29      0.23      2.29    700.21    659.05    717.19     43589     19358     90443 
2026-01-21 08:30:00      0      8.20      7.28      9.15     -3.03     -3.68     -1.60      5.22      3.44      6.00     -5.66     -6.22     -4.56    119.42    108.36    124.49    -42.77    -58.63    -37.03      1.11      0.26      2.30    693.64    642.96    728.64     49236     21916    115905 
2026-01-21 09:00:00      0      8.12      7.38      8.49     -2.29     -3.97     -1.65      5.47      4.70      6.12     -5.57     -6.34     -3.90    114.09    106.11    129.65    -41.75    -51.37    -31.24      0.45      0.19      1.20    682.84    639.87    718.24     66312     26882    141290 
2026-01-21 09:30:00      0      9.13      7.25      9.47     -7.77     -8.46     -1.08     -3.82     -5.11      6.12     -2.80     -5.09      0.26    195.56    100.04    214.22    -17.58    -34.26      1.65      0.10      0.10      1.25    674.05    631.10    729.35    184271     45732    412788 
2026-01-21 10:00:00      0      8.62      7.75      9.65     -7.63     -8.21     -4.34     -3.47     -6.01      0.48     -0.26     -6.64      1.54    203.55    173.70    218.69     -1.65    -56.67     10.12      0.10      0.10      1.41    666.07    627.89    734.02    207759     57531    405430 
2026-01-21 10:30:00      0      8.18      7.60      8.35     -7.64     -8.14     -7.01     -1.82     -3.11      1.23     -1.81     -3.59      1.73    192.32    170.80    203.94    -12.54    -26.12     12.10      0.10      0.10      0.63    678.29    636.71    757.31    212202     85305   2102947 
2026-01-21 11:00:00      0      7.95      7.67      8.20     -5.74     -7.55     -3.14     -2.31     -3.45     -0.92     -5.20     -7.11      1.30    202.12    195.43    215.29    -40.46    -65.30      9.11      0.10      0.10      0.18    673.03    634.17    764.51    123820     43816    475541 
2026-01-21 11:30:00      0      7.86      7.35      8.06     -6.43     -7.91     -3.10     -2.92     -4.03     -1.29     -3.54     -5.54     -0.81    207.00    189.27    230.79    -26.88    -48.40     -5.77      0.10      0.10      1.52    663.93    621.57    719.78    114419     16635    491349 
2026-01-21 12:00:00      0      7.93      6.40      8.10     -6.96     -7.64     -4.58     -3.32     -4.58      2.75     -1.43     -5.33      1.51    199.97    153.73    215.42    -10.46    -45.22     10.86      0.10      0.10      0.91    671.18    616.89    714.05    157665     10690    392344 
2026-01-21 12:30:00      0      7.79      6.96      7.97     -6.61     -7.53     -5.77     -3.31     -4.57     -0.34      2.23     -2.63      3.98    203.70    182.56    217.53     16.39    -20.15     30.45      0.81      0.10      2.32    639.14    618.49    698.17     55505     28327    266292 
2026-01-21 13:00:00      0      7.62      7.42      7.87     -7.30     -7.65     -5.84     -0.56     -2.31      1.97      1.54     -4.48      3.75    184.61    164.38    198.26     11.63    -37.00     29.88      0.71      0.10      2.81    625.11    611.95    681.42     55397     27764    376723 
2026-01-21 13:30:00      0      7.52      7.07      7.80     -6.36     -7.72     -4.30     -0.32     -1.73      2.05     -3.67     -5.36     -0.39    181.33    159.03    194.09    -29.76    -49.36     -2.83      0.10      0.10      0.17    648.31    620.06    692.95    184354     50230    345509 
2026-01-21 14:00:00      0      7.52      7.33      7.77     -6.75     -7.62     -5.46     -1.68     -5.02      3.87     -1.58     -4.92     -0.16    191.61    148.92    222.63    -12.13    -41.22     -1.27      0.10      0.10      0.31    636.96    595.53    684.41    118859     31274    286196 
2026-01-21 14:30:00      0      7.48      7.22      7.64     -6.29     -7.17     -5.50     -3.85     -4.86     -2.00     -0.35     -2.70      0.99    210.54    196.56    221.42     -2.67    -21.09      7.60      0.19      0.10      0.76    628.05    608.34    682.67     97666     31080    231099 
2026-01-21 15:00:00      0      7.37      6.69      7.51     -6.61     -7.32     -4.50     -3.00     -5.74     -1.23      0.17     -1.20      2.33    207.13    189.57    231.91      1.33     -9.29     19.02      0.31      0.10      2.11    634.20    607.32    670.74     96434     37940    236768 
2026-01-21 15:30:00      0      7.13      6.70      7.39     -6.69     -7.00     -4.58     -2.65     -4.74      1.51      0.38     -2.23      2.90    198.19    166.74    225.96      3.04    -18.67     23.78      0.28      0.10      1.96    614.76    595.90    662.40    102977     34029    248133 
2026-01-21 16:00:00      0      6.71      6.41      7.12     -5.37     -6.76     -4.37     -3.91     -4.91      1.34     -1.09     -2.74      1.29    209.88    167.12    227.40     -9.29    -24.43     11.26      0.20      0.10      1.25    630.33    603.26    663.93     99470     47834    230418 
2026-01-21 16:30:00      0      7.11      6.97      7.24     -6.97     -7.11     -6.47     -0.97     -2.79     -0.43     -0.81     -1.69     -0.45    189.80    183.45    203.32     -6.56    -14.05     -3.58      0.10      0.10      0.10    588.49    577.26    635.16     48845     23145    372067 
2026-01-21 17:00:00      0      6.84      6.44      7.06     -6.63     -6.91     -5.53     -0.33     -1.85      1.53     -1.59     -3.38      0.18    180.95    165.47    195.62    -13.60    -30.94      1.50      0.10      0.10      0.15    619.71    579.26    707.69    149395     28693    874823 
2026-01-21 17:30:00      0      6.68      6.63      6.76     -6.48     -6.68     -6.16     -0.90     -2.34     -0.27     -1.40     -2.47      0.69    188.34    182.46    200.80    -12.12    -21.73      6.01      0.10      0.10      0.36    620.73    576.20    683.45    239635     23313    485872 
2026-01-21 18:00:00      0      6.89      6.68      7.03     -6.45     -6.81     -6.11     -2.21     -2.63     -0.49      0.36     -1.49      1.89    197.62    184.21    202.35      3.00    -12.48     16.26      0.30      0.10      1.37    588.07    582.09    660.25     43058     21341    415602 
2026-01-21 18:30:00      0      6.81      6.53      6.96     -6.45     -6.70     -5.21     -2.15     -3.84     -1.05     -0.73     -1.91      0.29    201.60    189.30    216.38     -6.19    -16.86      2.47      0.12      0.10      0.31    584.94    576.04    653.83     57655     19390    298271 
2026-01-21 19:00:00      0      6.66      6.54      6.81     -6.56     -6.77     -5.96     -0.63     -2.46      0.94      0.13     -1.36      1.96    187.48    171.51    202.40      1.15    -11.97     17.13      0.17      0.10      1.05    572.56    562.72    619.02     35632     12654    347639 
2026-01-21 19:30:00      0      6.45      4.61      6.80     -6.28     -6.65     -4.27     -0.44     -1.63      2.01      1.50      0.09      3.04    183.27    162.45    195.37     13.40      0.76     28.74      0.77      0.22      1.70    573.18    564.24    587.65     39769     20198    167540 
2026-01-21 20:00:00      0      6.33      6.08      6.49     -5.74     -6.13     -5.05     -1.51     -2.62      0.97      1.92      1.08      3.21    193.48    169.67    207.43     18.06      9.88     30.84      1.23      0.76      2.11    577.39    566.98    586.20     42300     31261     71785 
2026-01-21 20:30:00      0      6.58      6.24      6.67     -6.32     -6.57     -5.60      0.50     -0.74      1.71      1.66      0.29      2.94    176.63    163.01    187.16     14.68      2.51     26.34      1.02      0.44      1.95    571.26    566.36    578.38     54909     33503    171681 
2026-01-21 21:00:00      0      6.52      6.35      6.65     -6.48     -6.62     -5.56     -0.88     -3.09      0.79     -0.37     -1.61      0.90    191.72    173.07    209.06     -3.31    -14.62      7.97      0.47      0.28      0.81    582.36    570.54    609.77    212184    103796    269879 
2026-01-21 21:30:00      0      6.78      6.51      7.26     -6.57     -7.16     -5.96      0.84     -1.41      2.61     -0.03     -2.64      1.56    174.06    157.43    191.16     -0.23    -23.23     13.83      0.58      0.24      1.48    580.92    570.57    622.43    191753     77851    270439 
2026-01-21 22:00:00      0      6.83      5.40      7.13     -6.61     -7.05     -3.89      0.46     -3.72      3.49     -0.23     -1.58      1.27    175.19    149.35    223.74     -1.92    -14.02     10.40      0.60      0.24      1.47    585.15    567.69    637.31    191102     83509    302145 
2026-01-21 22:30:00      0      6.35      5.84      6.84     -5.50     -6.42     -1.36     -3.35     -4.86      1.05     -1.72     -3.59      2.04    212.68    170.52    254.35    -14.65    -33.31     18.80      0.56      0.25      1.98    602.05    581.34    637.98    146268     66204    249192 
2026-01-21 23:00:00      0      6.53      6.05      6.64     -6.17     -6.46     -4.98      0.93     -2.76      2.42     -1.28     -3.65      0.34    176.94    157.12    207.68    -11.49    -33.77      2.98      0.50      0.10      1.18    599.85    571.65    634.54    223871    128568    291841 
2026-01-21 23:30:00      0      6.67      6.47      6.99     -3.75     -5.55     -1.41     -3.71     -5.02     -0.21     -4.03     -5.83     -2.51    223.94    182.20    251.19    -38.00    -56.58    -22.22      0.31      0.10      0.47    626.56    589.78    635.55    109649     70030    342943 
2026-01-22 00:00:00      0      7.45      6.42      7.72     -6.72     -7.41     -1.44     -0.64     -5.48      2.81     -2.94     -5.60     -1.75    190.38    157.54    255.27    -22.45    -53.31    -13.26      0.11      0.10      0.84    615.67    549.39    679.08    147130     35778    953254 
2026-01-22 00:30:00      0      7.65      7.17      7.77     -7.43     -7.64     -6.87     -1.65     -2.78      0.51     -0.28     -2.25      1.39    190.57    176.21    201.24     -2.08    -17.27     10.33      0.65      0.12      1.67    554.63    542.68    590.43    115762     52694    294507 
2026-01-22 01:00:00      0      7.74      7.57      8.08     -7.52     -7.75     -6.88     -1.16     -2.28      0.82      1.21      0.27      2.72    186.43    173.90    197.44      9.20      2.02     20.93      1.31      0.74      2.03    541.84    537.42    547.27     64137     39150    116016 
2026-01-22 01:30:00      0      7.75      7.61      8.07     -7.60     -8.05     -7.15     -0.81     -2.35      0.92      0.56     -1.00      2.80    185.21    172.71    197.68      4.04     -7.56     21.31      0.99      0.47      1.80    539.68    536.97    551.98    102370     47136    192138 
2026-01-22 02:00:00      0      7.83      7.23      7.99     -7.56     -7.96     -6.58     -1.80     -3.70      0.90     -0.31     -2.75      1.91    193.50    173.52    209.31     -2.35    -20.55     14.32      0.69      0.27      1.46    542.48    526.58    574.18    153567     40973    258269 
2026-01-22 02:30:00      0      7.82      7.49      7.97     -7.02     -7.56     -5.94     -3.51     -4.45     -2.30     -0.58     -3.02      0.61    206.26    197.03    215.24     -4.23    -23.36      4.57      0.85      0.19      1.85    543.70    533.48    602.51     97551     38951    225493 
2026-01-22 03:00:00      0      7.65      7.32      7.88     -6.01     -7.76     -4.77     -4.71     -5.66     -1.23      0.34     -1.05      1.62    217.16    189.02    229.86      2.47     -7.92     12.26      1.91      0.46      2.40    553.76    540.70    562.04     51531     34375    222465 
2026-01-22 03:30:00      0      8.05      7.83      8.17     -7.77     -8.10     -7.33     -1.50     -2.76     -0.36     -1.39     -2.11      0.46    191.58    182.54    200.63     -9.90    -14.95      3.23      0.37      0.11      1.30    530.60    513.45    596.52     74906     19757    343264 
2026-01-22 04:00:00      0      8.00      7.50      8.21     -7.12     -8.00     -5.23     -1.04     -2.43      0.89     -3.21     -5.37     -0.85    186.74    172.38    199.10    -24.70    -45.76     -6.05      0.10      0.10      0.86    610.59    510.04    764.46    262953     15418   1637803 
2026-01-22 04:30:00      0      8.24      7.72      8.38     -7.82     -8.33     -7.21     -2.01     -2.95     -0.31     -0.94     -2.72      3.52    193.72    182.40    201.27     -6.47    -19.53     25.31      0.38      0.10      2.60    527.70    506.07    602.77     67022     13346    278886 
2026-01-22 05:00:00      0      8.21      7.82      8.35     -7.63     -8.00     -6.87     -1.58     -3.44      1.44     -2.67     -3.79      0.60    188.29    168.59    205.03    -18.94    -27.56      4.19      0.19      0.10      1.66    571.64    506.34    676.87    161878     14572    958245 
2026-01-22 05:30:00      0      8.24      8.01      8.51     -7.91     -8.46     -6.44     -1.49     -2.87      0.60     -2.63     -4.75      0.50    190.35    175.75    203.18    -18.62    -35.98      3.39      0.20      0.10      1.06    564.51    508.88    706.83    190998     15626   2169437 
2026-01-22 06:00:00      0      8.28      8.08      8.42     -7.52     -7.67     -6.69     -1.89     -2.50      0.06     -3.06     -4.38     -2.59    192.82    179.57    200.47    -21.59    -31.55    -18.10      0.14      0.10      0.30    593.22    502.94    683.15    209508     13178   1157833 
2026-01-22 06:30:00      0      8.64      8.34      9.15     -7.77     -8.49     -6.29     -2.40     -3.94     -0.72     -3.54     -4.77     -2.44    198.52    185.03    211.83    -24.18    -34.76    -15.47      0.12      0.10      0.25    601.43    504.30    670.57    184706     52600   1562275 
2026-01-22 07:00:00      0      9.21      8.90      9.46     -8.74     -8.89     -0.31     -2.36     -4.86     -1.77     -1.98     -3.01      7.45    197.98    191.46    266.38    -12.32    -19.11     56.82      0.22      0.10      0.35    566.38    533.94    627.26    262415     26960    801810 
2026-01-22 07:30:00      0    -99999    -99999    -99999    -99999    -99999    -99999    -99999    -99999    -99999    -99999    -99999    -99999    -99999    -99999    -99999    -99999    -99999    -99999    -99999    -99999    -99999    -99999    -99999    -99999    -99999    -99999    -99999 
2026-01-22 08:00:00      0      9.08      8.65      9.46      1.73     -3.01      3.98     -3.81     -6.49     -2.14      8.09      6.36      8.40    293.79    244.26    331.72     62.10     42.53     67.21      0.42      0.21      3.31    569.05    533.94    596.75     26216     12485     65015 
2026-01-22 08:30:00      0      9.40      9.01      9.68     -1.18     -3.15     -0.08     -6.61     -7.10     -5.71      6.58      5.57      7.29    259.35    245.77    269.31     44.44     35.96     50.68      1.71      0.62      3.22    556.95    537.91    578.57     21818     10371    105513 
2026-01-22 09:00:00      0      9.30      8.96      9.36     -1.36     -2.05      0.11     -6.79     -7.18     -5.78      6.21      5.55      6.85    259.43    254.03    271.05     41.84     36.61     49.84      1.53      0.42      2.78    553.67    541.31    571.40     16784     10243     46178 
2026-01-22 09:30:00      0      8.81      8.50      9.28     -0.30     -1.53      0.39     -5.77     -7.11     -3.37      6.64      5.83      7.83    266.47    257.25    275.61     48.96     38.92     66.64      4.01      1.88      7.44    559.24    543.95    569.27     23189     10690     36962 
2026-01-22 10:00:00      0      8.63      7.98      8.74     -2.02     -3.94      1.02     -6.06     -7.81     -2.87      5.72      0.55      7.43    261.13    242.76    285.54     41.09      3.68     68.20      1.63      0.17      8.42    548.24    527.72    579.05     25694     13433     67314 
2026-01-22 10:30:00      0      8.62      8.30      8.82     -1.63     -2.23     -0.20     -6.30     -6.98     -5.87      5.62      4.48      5.96    256.47    250.11    268.16     40.81     32.43     44.24      1.33      0.15      3.86    544.13    519.70    562.21     20725     10716     62152 
2026-01-22 11:00:00      0      8.81      8.47      9.02     -2.01     -4.02     -1.06     -6.73     -7.12     -4.49      5.21      4.06      7.19    252.16    238.84    261.01     36.42     26.82     56.52      1.96      0.97      4.45    539.09    524.24    551.90     13563     10626     58964 
2026-01-22 11:30:00      0      8.62      7.65      9.09     -3.57     -5.19     -1.26     -7.61     -8.23     -5.44      2.19     -2.87      5.43    245.06    229.53    259.79     15.00    -22.05     37.21      0.56      0.10      3.38    527.32    511.19    567.99     34101     16184    106662 
2026-01-22 12:00:00      0      9.22      8.82      9.60     -4.15     -4.75     -3.64     -8.00     -8.38     -6.00      2.44      1.54      4.58    241.24    232.63    246.06     15.30      9.46     31.23      0.69      0.18      2.05    533.40    521.63    544.19     30824     14350     77626 
2026-01-22 12:30:00      0      9.62      8.92      9.87     -4.78     -6.69     -1.04     -8.27     -8.80     -6.82      0.73     -0.76      2.81    239.15    225.56    263.25      4.29     -4.54     17.62      0.62      0.33      4.76    529.69    520.31    578.72     31626     17099    105054 
2026-01-22 13:00:00      0      9.45      8.53      9.80     -4.66     -7.26     -2.46     -6.23     -7.41     -5.52      5.68     -1.48      6.71    234.39    221.28    247.72     37.12     -8.69     45.91      2.72      0.41      5.60    533.31    512.17    545.98     42956     12790    155509 
2026-01-22 13:30:00      0      9.35      8.75      9.55     -5.12     -5.94     -3.54     -5.96     -7.07     -3.47      5.19      0.44      7.75    228.43    217.34    235.90     34.33      2.87     57.38      3.24      0.77      6.04    524.32    510.92    542.11     31164     15387     73489 
2026-01-22 14:00:00      0      9.63      9.37      9.94     -5.90     -6.96     -3.73     -6.58     -8.32     -3.43      3.77      1.91      7.57    227.26    213.68    245.87     22.98     11.56     50.77      2.65      0.82      5.88    526.32    512.53    560.47     36708     21363    132958 
2026-01-22 14:30:00      0      9.96      9.62     10.55     -6.47     -7.53     -5.54     -5.82     -8.52     -4.17      4.37     -1.42      6.75    221.97    213.31    234.56     26.49     -7.80     44.24      2.74      0.52      4.02    515.90    509.05    539.28     33740     25869    118816 
2026-01-22 15:00:00      0     10.65      8.79     11.10     -6.64     -8.56     -2.49     -8.06     -8.90     -5.80      0.31     -4.30      4.22    229.50    214.40    251.06      1.63    -29.26     22.32      1.29      0.10      2.46    522.00    501.83    535.93     65526     23130     94476 
2026-01-22 15:30:00      0      8.72      8.46      9.43     -3.50     -5.57     -2.14     -7.66     -8.09     -7.24     -2.38     -3.65      0.41    244.73    232.42    254.94    -16.02    -25.37      2.56      1.62      0.89      2.85    539.11    501.20    559.89    169927     59915    232086 
2026-01-22 16:00:00      0      8.65      8.04      8.91     -3.31     -4.29     -0.62     -7.95     -8.27     -7.34     -0.20     -1.86      3.67    247.66    240.49    265.31     -1.34    -12.73     25.67      1.80      1.55      2.34    540.06    510.00    568.32    166665    122020    257109 
2026-01-22 16:30:00      0      8.80      7.99      9.19     -5.11     -5.60     -2.79     -7.06     -8.05     -5.60      1.60     -0.11      3.61    235.30    225.74    249.84     10.08     -0.81     24.77      1.74      0.82      3.01    528.85    483.53    540.79    194760    102791    286858 
2026-01-22 17:00:00      0      8.55      7.54      8.93     -6.82     -8.62     -2.39     -4.96     -8.15     -0.65      1.67     -1.32      2.22    216.17    184.29    253.64     11.21     -9.34     15.25      1.70      1.22      2.21    529.23    501.14    553.43    238688    177267    368610 
2026-01-22 17:30:00      0      8.37      7.84      8.72     -6.17     -7.24     -2.98     -5.42     -6.83     -4.19      1.67     -2.78      3.35    223.39    210.09    246.18     11.14    -20.68     22.69      1.93      0.66      2.65    522.15    449.16    548.69    246826     74947    381824 
2026-01-22 18:00:00      0      8.52      7.92      8.90     -7.31     -8.07     -6.12     -3.93     -5.61     -1.80      1.68     -2.03      3.14    207.22    192.76    220.81     11.29    -14.06     21.32      2.06      0.82      2.91    515.68    466.19    538.25    231985     76797    395114 
2026-01-22 18:30:00      0      8.15      7.97      8.73     -7.32     -7.95     -6.45     -3.47     -5.11     -2.18      0.43     -1.37      2.22    206.14    195.35    217.22      3.12     -9.53     15.63      1.93      0.37      2.83    516.15    451.58    542.48    285674     34762    401402 
2026-01-22 19:00:00      0      8.07      7.53      8.20     -7.62     -8.01     -6.79     -1.75     -3.89      0.62     -1.29     -2.95      1.12    193.84    175.54    208.90     -9.29    -23.10      7.95      1.98      1.52      2.68    524.34    501.18    550.37    327116    252942    448089 
2026-01-22 19:30:00      0      8.14      7.99      8.81     -7.54     -8.07     -6.87      0.03     -1.62      1.00     -3.17     -5.05     -1.98    179.68    171.95    192.99    -23.14    -34.97    -13.76      2.19      1.68     40.19    522.34    453.96    550.98    307362    147569    490487 
2026-01-22 20:00:00      0      8.23      7.89      8.56     -7.34     -8.07     -5.50     -0.25     -2.21      2.65     -3.62     -5.70     -1.68    181.46    160.87    200.20    -25.83    -45.23    -11.76      2.19      1.73      2.59    520.73    515.37    528.47    296769    221417    349265 
2026-01-22 20:30:00      0      8.64      7.85     10.20     -5.61     -7.53     -2.25     -4.02     -7.74     -0.01     -5.09     -6.41     -3.90    217.80    180.10    250.15    -35.87    -44.12    -27.81      1.26      0.87      2.10    528.33    518.34    545.59    236171    136640    331069 
2026-01-22 21:00:00      0      9.51      9.17     10.10     -4.65     -7.38     -2.41     -5.49     -7.79     -3.86     -6.14     -6.70     -4.10    232.91    207.64    251.15    -40.87    -44.42    -25.40      1.11      0.78      1.36    526.61    488.36    551.66    157365    119483    311000 
2026-01-22 21:30:00      0      9.40      8.83      9.75     -6.62     -7.10     -4.67     -0.31     -4.76      0.98     -6.65     -6.98     -5.96    185.42    171.94    225.55    -45.13    -47.56    -39.73      1.76      0.72      2.14    523.38    507.18    528.85    129274    115357    156380 
2026-01-22 22:00:00      0      9.95      8.60     10.16     -5.26     -6.95     -1.84     -4.74     -7.26     -0.70     -6.88     -7.44     -4.67    221.20    185.76    253.89    -44.07    -48.42    -31.70      0.42      0.10      0.85    511.72    478.23    518.67    103104     29941    160169 
2026-01-22 22:30:00      0      8.33      8.11      8.89     -1.59     -4.58     -0.70     -4.67     -6.47     -3.49     -6.73     -7.23     -5.46    249.14    222.94    263.41    -53.78    -61.29    -40.18      0.10      0.10      0.52    507.49    490.41    516.42     93811     46802    194774 
2026-01-22 23:00:00      0      8.47      7.85      9.08     -4.25     -5.93     -0.95     -5.05     -6.41     -3.04     -5.52     -6.77     -4.52    233.42    210.62    261.47    -39.78    -49.26    -32.67      0.21      0.10      0.37    510.33    483.67    517.74     85985     48990    148233 
2026-01-22 23:30:00      0      8.86      8.51      9.07     -7.29     -8.05     -4.83     -0.40     -4.13      2.64     -5.20     -6.51     -3.77    185.12    160.76    220.52    -35.85    -47.96    -25.26      0.10      0.10      0.37    505.08    467.23    534.13    178894     33927    389591 
2026-01-23 00:00:00      0      9.06      8.92      9.32     -7.43     -8.73     -6.95     -0.91     -1.51      0.41     -5.12     -5.59     -3.08    185.66    176.78    191.40    -34.49    -38.79    -19.29      0.10      0.10      0.13    501.67    449.85    529.69    158773     23302    509656 
2026-01-23 00:30:00      0      8.72      8.46      8.97     -5.62     -7.60     -3.62     -0.10     -1.44      4.90     -6.56     -7.65     -4.54    171.72    126.46    193.25    -49.04    -61.48    -30.71      0.10      0.10      0.17    504.26    441.74    520.29    129265     22768    292709 
2026-01-23 01:00:00      0      8.89      8.56      9.08     -6.34     -7.42     -3.77      1.23      0.29      2.95     -6.17     -7.44     -5.21    167.21    141.98    177.18    -42.93    -58.95    -35.05      0.12      0.10      0.32    504.85    497.21    514.55    121904     75412    226925 
2026-01-23 01:30:00      0      8.54      6.10      9.20     -6.61     -7.71     -1.29      1.42     -5.76      4.75     -4.88     -6.15     -2.92    176.16    132.40    254.88    -35.01    -45.61    -24.68      0.23      0.11      1.38    505.32    479.30    519.85    115319     61304    206311 
2026-01-23 02:00:00      0      5.93      4.79      6.74     -1.68     -3.04      0.55     -4.47     -5.86      0.13     -3.25     -5.93     -1.95    243.43    174.21    276.89    -34.09    -77.62    -20.38      0.50      0.29      1.82    497.43    489.76    509.68    147073     90275    188039 
2026-01-23 02:30:00      0      6.38      4.09      6.77     -4.58     -5.42      0.48     -1.47     -6.24      1.46     -4.17     -4.63      1.47    202.01    163.43    276.96    -40.96    -50.47     12.65      0.45      0.26      2.18    505.19    492.55    525.41    188408     96421    275496 
2026-01-23 03:00:00      0      6.64      4.77      7.15     -3.71     -5.60      0.77     -5.54     -6.41      1.57     -1.06     -4.02      3.74    233.77    158.44    279.34     -8.74    -36.49     44.84      0.74      0.33      2.05    500.58    489.45    518.86    178524    118526    308361 
2026-01-23 03:30:00      0      6.27      4.95      6.99     -2.60     -6.58     -0.35     -5.51     -6.64      1.71     -2.16     -4.59      1.88    226.25    153.70    266.37    -20.16    -50.86     18.80      1.28      0.61      1.80    507.39    498.61    520.34    204859    170749    275215 
2026-01-23 04:00:00      0      6.30      5.87      7.33     -4.26     -4.93     -1.24      1.26     -5.16      5.15     -4.44     -5.82     -1.61    168.43    107.79    238.47    -43.00    -58.41    -12.77      1.34      0.45      1.75    510.32    491.63    523.66    217709    164329    330558 
2026-01-23 04:30:00      0      7.19      6.30      7.52     -4.72     -5.53     -3.82      2.85      0.37      4.73     -4.43     -5.71     -1.80    149.96    128.93    175.14    -37.55    -53.74    -16.63      1.67      1.24      2.29    516.03    504.14    529.68    218479    173295    291515 
2026-01-23 05:00:00      0      6.39      4.67      7.20     -4.35     -6.15     -2.50      4.34      2.02      5.46      0.64     -3.20      3.93    134.79    116.26    152.02      5.53    -36.69     38.78      3.20      2.25      4.38    509.74    501.54    526.88    203163    173849    288360 
2026-01-23 05:30:00      0      5.35      2.91      6.36     -4.55     -6.18     -2.39      1.65     -2.50      3.67      0.55     -2.76      2.65    161.95    134.21    207.40      6.57    -26.87     32.78      2.50      1.17      3.11    512.07    505.58    535.61    270576    203424    359761 
2026-01-23 06:00:00      0      5.79      4.62      7.39     -3.98     -5.50     -0.39      1.20     -0.38      5.63     -3.21     -5.37      4.44    151.27     96.41    184.70    -39.53    -56.96     51.83      1.53      0.54      3.40    533.55    505.49    553.28    261372    189700    357726 
2026-01-23 06:30:00      0      7.54      6.88      8.67     -3.86     -7.27     -0.86      3.75     -1.99      6.68     -4.88     -7.42     -0.01    141.42    115.85    246.51    -42.52    -77.48     -0.08      1.47      0.41      2.71    524.00    503.57    539.25    222945    158100    402499 
2026-01-23 07:00:00      0      8.04      7.43      8.50     -5.74     -7.11     -3.77      2.56      0.43      4.44     -4.98     -6.36     -1.41    158.74    148.04    175.04    -36.88    -55.13     -9.54      2.11      1.29      2.82    515.93    509.63    560.46    216149    163843    255126 
2026-01-23 07:30:00      0    -99999    -99999    -99999    -99999    -99999    -99999    -99999    -99999    -99999    -99999    -99999    -99999    -99999    -99999    -99999    -99999    -99999    -99999    -99999    -99999    -99999    -99999    -99999    -99999    -99999    -99999    -99999 

2026-01-23 08:30:00      0      7.42      7.20      7.67     -3.76     -4.79     -2.84      0.99     -3.86      2.57     -6.09     -6.44     -4.38    174.20    137.82    219.62    -56.88    -60.73    -35.71      1.18      0.63      1.32    563.33    556.62    576.37    180978    164529    232420 

2026-01-23 09:00:00      2      7.23      6.10      7.49     -3.95     -6.07     -1.59     -4.58     -5.70      0.49     -3.98     -6.77     -0.09    219.29    170.75    253.95    -32.62    -65.69     -0.77      1.74      0.91     18.06    562.25    542.80    572.23    211942    136298    572313 
2026-01-23 09:30:00      0      6.03      4.52      6.66     -2.43     -5.06     -0.43     -4.69     -5.88      2.88      1.48     -2.44      6.23    240.05    146.57    263.40     16.09    -21.46     75.94      2.10      1.13      3.78    566.46    534.41    600.47    177964    146438    262020 
2026-01-23 10:00:00      0      5.83      4.47      6.93     -2.99     -6.14      1.99      3.47     -0.85      5.03      0.97     -4.75      5.51    127.67     62.79    190.87     12.10    -54.54     54.46      2.14      0.70      2.90    552.79    480.91    606.17    197872     76503    305696 
2026-01-23 10:30:00      0      6.79      6.02      7.03      0.64     -2.37      2.61      4.25      3.65      6.26      4.79      2.29      5.93     83.74     55.01    119.94     45.15     20.10     57.84      2.27      1.47      2.82    576.07    530.85    602.04    147911     77859    208077 
2026-01-23 11:00:00      0      6.41      5.55      7.41     -1.37     -3.92     -0.06      5.58      3.38      7.02      2.36      0.88      3.91    106.12     90.64    134.19     20.38      8.02     41.97      2.57      1.85      4.04    554.46    504.58    600.58    153284     89867    284102 
2026-01-23 11:30:00      0      5.62      5.13      6.83     -4.78     -5.48      0.19      3.29      2.51      5.41     -0.75     -1.72      3.04    142.42     88.01    154.66     -7.74    -15.75     36.37      2.36      1.90      2.98    544.30    491.31    588.14    182855     93157    251841 
2026-01-23 12:00:00      0      6.49      6.23      6.75     -5.71     -6.07     -5.15      0.38     -0.19      2.36     -3.34     -3.74     -1.35    169.96    157.52    182.12    -30.97    -34.13    -11.84      1.52      1.29      2.44    553.65    519.53    562.65    231207    188106    307110 
2026-01-23 12:30:00      0      7.31      6.80      7.61     -6.07     -6.75     -4.28      0.14     -4.01      1.60     -3.89     -4.56     -2.70    184.10    166.65    223.11    -32.24    -38.49    -21.27      0.82      0.43      1.39    569.79    532.38    612.60    231066     48101    368749 
2026-01-23 13:00:00      0      7.26      6.95      7.42     -6.10     -6.90     -5.06      0.67     -1.47      3.53     -3.56     -4.53     -2.38    171.75    145.09    192.87    -29.47    -40.73    -19.07      1.22      0.57      1.78    568.60    550.72    587.64    223487    138008    351183 
2026-01-23 13:30:00      0      6.57      5.58      7.21     -4.99     -6.19     -2.12      2.27     -0.73      4.47     -3.01     -5.21      2.71    157.39    136.11    188.56    -27.09    -67.80     24.65      1.46      0.59      2.66    585.15    563.80    614.29    214112    100215    438781 
2026-01-23 14:00:00      0      6.53      4.65      6.73     -4.95     -5.62     -2.97      3.03      0.92      4.34     -3.28     -4.37      3.22    148.81    124.38    170.60    -30.04    -43.77     31.52      1.75      0.99      3.71    594.91    549.52    617.96    188986     79992    391216 
2026-01-23 14:30:00      0      6.69      6.50      6.88     -4.77     -5.89     -4.16      1.62      0.02      2.47     -4.41     -5.09     -3.56    162.39    152.72    179.76    -41.21    -50.28    -31.11      0.83      0.32      1.25    581.20    533.95    613.02    182695     26156    344423 
2026-01-23 15:00:00      0      6.29      5.63      6.68     -4.28     -5.90     -2.99      1.42     -0.39      3.09     -4.60     -5.52      0.00    163.97    135.03    185.99    -45.06    -57.45      0.00      0.81      0.37      1.95    593.90    554.40    615.38    182996     91311    340661 
2026-01-23 15:30:00      0      6.31      5.79      6.53     -4.94     -6.12     -3.73      1.51     -0.38      4.09     -3.15     -4.90     -1.29    161.32    137.59    185.75    -29.38    -52.61    -11.85      1.15      0.30      2.19    584.57    539.38    610.62    182024     60054    311491 
2026-01-23 16:00:00      0      6.22      4.40      6.53     -5.13     -6.38     -2.81      1.78      0.09      3.26     -2.72     -5.09      1.55    158.87    132.56    179.19    -26.54    -57.12     13.96      1.52      0.62      3.10    580.32    565.01    622.08    186288    111917    321767 
2026-01-23 16:30:00      0      6.09      5.68      6.38     -4.22     -5.96     -1.47      0.86     -1.41      2.75     -3.95     -5.50     -2.04    173.71    146.09    212.29    -41.78    -72.18    -18.62      0.98      0.23      1.78    582.68    560.50    617.77    171516    119512    314067 
2026-01-23 17:00:00      0      5.81      5.47      6.22     -2.64     -4.68      0.46      0.63     -2.58      2.61     -4.88     -5.57     -3.16    161.31      9.42    231.96    -56.90    -85.51    -30.55      0.48      0.19      1.41    604.61    549.22    630.86    170017     92445    262890 
2026-01-23 17:30:00      0      6.08      5.51      6.48     -4.83     -5.95     -2.61     -1.34     -2.57      1.98     -3.42     -4.79     -0.57    191.36    157.64    215.24    -33.44    -60.40     -5.59      0.92      0.40      2.09    576.00    550.20    605.39    171871     98980    289252 
2026-01-23 18:00:00      0      6.16      5.50      6.54     -5.51     -6.07     -3.09      0.37     -0.74      2.74      0.05     -4.51      3.03    171.88    154.58    192.07      0.53    -55.01     29.77      2.01      0.65      3.83    567.79    551.98    614.02    167478    104117    378202 
2026-01-23 18:30:00      0      6.40      5.87      6.58     -6.24     -6.45     -4.80     -0.68     -3.31      2.09     -0.14     -1.66      1.27    185.02    161.21    213.77     -1.23    -16.07     11.95      2.09      1.14      3.14    566.96    540.46    585.54    145099    102786    213032 
2026-01-23 19:00:00      0      6.51      6.29      6.64     -6.17     -6.51     -5.56     -1.20     -2.49     -0.58      1.12     -0.43      2.92    191.93    185.57    203.31     10.02     -3.79     26.91      2.23      1.46      3.31    563.58    542.67    586.08    122250     77353    185916 
2026-01-23 19:30:00      0      6.52      6.23      6.71     -6.26     -6.54     -5.68     -1.59     -2.63      0.35     -1.03     -2.90      0.82    192.26    176.90    204.35     -9.09    -26.68      7.05      1.72      0.56      2.60    559.80    539.31    578.88    146931    107343    263576 
2026-01-23 20:00:00      0      6.33      5.12      6.63     -5.56     -6.51     -3.19      1.78     -1.71      4.16     -1.86     -3.54      3.01    163.22    135.68    200.63    -17.09    -37.58     31.93      1.18      0.80      5.39    558.62    543.75    639.42    186303    109978    282035 
2026-01-23 20:30:00      0      5.98      5.25      6.38     -4.15     -6.09     -0.22      3.23      0.52      5.00     -1.17     -4.62      5.03    135.94     93.91    174.10    -10.89    -46.57     57.26      1.36      0.13      2.41    570.09    527.05    617.02    146570     69806    343504 
2026-01-23 21:00:00      0      6.39      5.44      6.81     -4.31     -6.45     -0.46      2.26     -1.12      4.70     -3.63     -4.85      2.44    150.76     97.79    191.65    -33.30    -53.99     21.25      0.72      0.10      2.16    558.28    500.12    606.15    147045     21042    348883 
2026-01-23 21:30:00      0      6.68      6.45      6.85     -5.53     -6.22     -4.04      1.28     -0.07      2.55     -3.79     -5.03     -1.99    167.53    154.81    180.96    -34.18    -51.21    -17.15      0.24      0.10      1.97    540.95    492.48    601.43    160128     19407    310251 
2026-01-23 22:00:00      0      6.64      5.52      6.87     -5.97     -6.62     -0.66      1.85      0.13      4.89     -2.68     -4.14     -0.22    151.10     98.11    178.83    -23.52    -42.94     -1.87      0.88      0.37      1.59    555.16    532.67    597.36    196698     87631    301391 
2026-01-23 22:30:00      0      6.43      5.95      6.73     -3.95     -6.07     -1.25      2.15     -0.45      4.60     -3.89     -5.77     -2.39    148.04    108.57    185.58    -37.39    -75.19    -21.76      0.43      0.10      1.14    568.11    518.71    613.05    163877     57321    351081 
2026-01-23 23:00:00      0      6.53      6.34      6.75     -5.50     -6.23     -4.56      1.46     -0.69      3.06     -3.16     -4.18     -0.82    166.08    150.65    187.04    -29.13    -41.03     -7.18      0.75      0.44      1.64    558.07    544.16    576.98    250080    175762    322755 
2026-01-23 23:30:00      0      6.57      4.90      6.76     -5.38     -6.65     -4.16      0.09     -1.24      2.82     -3.68     -4.36      3.02    177.66    145.95    196.60    -34.58    -44.50     30.92      0.65      0.45      1.71    560.63    537.39    582.85    264359    172831    316908 
2026-01-24 00:00:00      0      6.42      5.67      6.90     -5.20     -6.26     -4.16      1.75     -1.56      2.46      3.18     -3.31      4.82    167.57    151.05    197.67     28.18    -35.71     44.49      1.83      0.83      2.12    550.43    536.99    575.48    101740     90054    251475 
2026-01-24 00:30:00      0      7.19      6.71      7.46     -4.12     -5.40     -2.47      1.62     -0.03      2.66      5.64      4.20      6.39    158.30    134.20    180.43     51.13     35.46     63.49      2.23      1.78      2.65    554.16    543.68    568.44     98182     85424    117807 
2026-01-24 01:00:00      0      7.12      6.37      7.50     -4.10     -5.64     -1.67      2.82     -0.21      5.60      4.54      2.55      6.40    146.65    109.56    182.98     40.00     21.17     62.07      2.04      1.50      2.43    555.86    544.73    571.49    112168     83410    140143 
2026-01-24 01:30:00      0      7.05      5.60      7.32     -4.57     -6.62     -0.45      4.00      1.87      4.78      3.17      0.81      5.63    136.09    103.49    161.32     25.70      6.69     71.16      2.19      1.68      2.42    560.32    550.35    616.81    111681     89992    139538 
2026-01-24 02:00:00      0      6.99      6.53      7.34     -4.96     -6.41     -4.19      2.78      1.62      3.79      4.00      1.29      5.14    151.90    143.69    160.53     34.51     10.33     45.84      2.11      1.58      2.46    546.92    533.72    557.36    107937     93073    123965 
2026-01-24 02:30:00      0      6.81      5.20      7.03     -5.71     -6.33     -2.84      3.34     -0.10      4.30      0.44     -1.48      5.57    149.94    140.74    182.12      4.44    -12.78     62.99      1.62      1.25      2.09    539.57    535.65    555.92    124052    102853    192201 
2026-01-24 03:00:00      0      6.88      5.96      7.14     -5.77     -6.79     -1.59      2.89     -0.28      5.97      2.20     -0.71      3.73    150.64    104.91    183.00     18.49     -5.88     36.49      1.93      1.21      2.51    534.46    528.29    577.09    108831     79757    208017 
2026-01-24 03:30:00      0      6.88      5.83      7.08     -4.93     -6.84     -3.55     -2.63     -4.34      2.81      3.41      1.22      5.28    202.49    152.94    225.90     28.90     11.17     51.13      2.00      1.44      2.47    545.55    529.37    556.49    113235     92415    135181 
2026-01-24 04:00:00      0      6.62      5.88      6.98     -5.30     -6.84     -1.97     -2.75     -5.34      0.85     -1.83     -4.09      4.72    204.25    170.83    247.16    -16.13    -44.14     45.08      0.95      0.19      2.03    541.11    528.77    575.54    146570    107120    255807 
2026-01-24 04:30:00      0      6.42      5.12      6.61     -4.90     -6.17     -1.74     -3.91     -5.96     -0.81     -0.61     -3.47      2.55    220.62    188.63    253.20     -5.42    -32.79     25.18      1.36      0.10      1.94    546.00    517.21    576.34    113498     98058    216957 

2026-01-24 05:00:00      1      6.13      6.01      6.30     -4.01     -4.91     -2.05     -4.57     -5.56     -2.68     -0.09     -3.60      1.36    229.36    208.66    249.35     -0.84    -36.22     12.63     12.30      7.87     14.56    543.20    531.80    556.30    458812    240712    531643 
2026-01-24 05:30:00      0      6.73      6.40      6.99     -4.86     -5.93     -3.92     -4.57     -5.03     -2.15     -0.63     -4.58      2.44    220.67    204.57    229.26     -5.40    -45.70     20.81      1.00      0.14      2.32    546.96    532.84    576.19    109113     84425    194090 

2026-01-24 06:00:00      0      6.80      6.36      7.18     -5.06     -7.12     -3.44     -3.95     -5.83     -0.56     -0.78     -3.85      0.18    213.38    184.52    239.43     -6.27    -36.89      1.54      1.05      0.10      2.09    543.34    489.37    565.36    121176     27633    327522 
2026-01-24 06:30:00      0      6.47      4.30      6.77     -3.00     -6.30     -0.58      0.11     -6.08      6.22     -2.35     -4.50      1.84    179.88    103.54    264.12    -21.86    -43.34     17.07      0.70      0.10      1.94    558.34    504.36    576.86    115816     70722    247308 
2026-01-24 07:00:00      0      6.53      6.07      6.71     -4.81     -6.02     -2.37      4.35     -4.19      5.53     -2.24     -3.33     -0.66    149.83    113.20    221.00    -20.29    -31.47     -6.13      1.14      0.29      1.72    540.84    515.81    568.83    119193     80945    286365 


2026-01-24 08:00:00      1      6.16      6.06      6.27     -2.72     -5.21     -1.19     -3.48     -5.18     -3.03     -3.76     -5.16      0.26    231.44    210.77    257.11    -37.77    -55.58      2.41     13.93      9.17     14.79    550.60    529.10    565.80    466178    288525    591010 
2026-01-24 08:30:00      1      6.08      6.02      6.20     -4.05     -5.79     -2.88     -2.79     -4.33      1.31     -3.19     -4.37     -1.55    207.73    165.20    236.38    -31.75    -47.89    -14.96      9.65      6.05     14.05    536.30    525.60    554.00    331092    193077    508146 
2026-01-24 09:00:00      0      7.02      6.56      7.20     -6.61     -7.09     -4.98      0.77     -1.04      3.26     -1.53     -4.35     -0.29    173.53    152.39    191.25    -12.55    -40.57     -2.39      0.87      0.10      1.55    512.04    487.62    573.21    150310     23416    364253 

2026-01-24 09:30:00      0      6.91      6.72      7.05     -6.43     -6.99     -5.32      2.51      0.11      4.15     -0.01     -1.40      1.11    157.07    142.07    179.11     -0.09    -11.64      9.14      1.60      0.67      2.16    512.88    484.43    534.06    114330     57509    199546 
2026-01-24 10:00:00      0      6.94      5.55      7.13     -5.97     -6.91     -4.77      2.98      1.04      4.41     -0.15     -2.60      4.19    153.11    137.58    171.22     -1.20    -21.71     36.79      1.32      0.63      3.08    515.05    487.71    539.47     98923     49839    166657 
2026-01-24 10:30:00      0      6.91      6.68      7.05     -6.20     -6.94     -4.70      1.59     -1.15      4.69      1.94     -1.89      3.97    163.23    135.67    190.70     16.11    -16.08     35.32      1.68      0.88      4.19    513.69    483.29    557.60     90130     40819    195969 
2026-01-24 11:00:00      0      6.21      5.15      6.86     -2.95     -6.25      1.13      3.08     -3.73      5.45     -4.16     -5.56      3.66    144.35     75.79    241.66    -43.85    -64.46     33.19      0.83      0.10      3.88    557.44    497.13    588.70    107247     57271    308672 
2026-01-24 11:30:00      0      6.59      6.30      6.84     -1.21     -3.04      0.08      5.38      2.83      6.25      3.33     -2.35      5.89    102.07     89.03    120.68     29.93    -21.94     64.30      1.82      0.91      5.46    563.38    523.90    585.24     75201     38780    171184 
2026-01-24 12:00:00      0      6.71      6.34      7.03     -2.67     -4.75     -0.82      4.43      2.78      5.58      4.06      2.72      5.67    120.31    101.87    142.44     37.06     23.97     58.91      1.58      0.71      5.84    544.05    520.17    578.93     78773     46935    142990 
2026-01-24 12:30:00      0      6.65      5.91      6.92     -5.28     -6.45     -0.09      3.02     -0.21      4.45      2.59      1.45      6.02    144.16     92.51    181.98     22.39     12.43     71.78      2.03      1.28      2.49    520.02    506.53    576.46     92432     58811    114144 
2026-01-24 13:00:00      0      6.36      3.94      6.79     -5.38     -6.44     -1.25      1.66     -1.79      2.92      1.85     -3.10      5.97    165.40    121.87    225.30     15.85    -30.06     73.32      1.59      0.47      2.49    518.43    509.29    571.94    118287     80933    230822 
2026-01-24 13:30:00      0      6.83      6.33      6.97     -6.51     -6.82     -4.43      1.30     -2.28      4.52     -0.57     -2.66      3.13    167.84    134.41    199.94     -4.74    -22.95     27.57      1.51      0.73      2.49    514.16    504.40    526.21    147471     92761    248507 
2026-01-24 14:00:00      0      6.68      6.26      6.91     -6.01     -6.71     -4.61      1.45     -4.20      3.67     -0.86     -3.37      4.22    173.21    142.76    220.94     -7.31    -30.68     37.69      1.41      0.31      2.37    515.04    504.74    553.79    151184     92220    210021 
2026-01-24 14:30:00      0      6.79      5.52      7.13     -5.15     -6.39     -3.86     -0.31     -2.60      2.64      4.13      2.37      5.16    182.72    148.04    206.32     37.28     22.63     50.28      2.27      1.55      2.48    515.23    507.94    533.94     95160     85667    131870 
2026-01-24 15:00:00      0      6.61      5.54      6.93     -5.35     -6.69     -1.27      1.81     -0.23      5.36      2.17     -1.54      5.84    156.02    103.30    181.99     19.14    -13.32     65.93      2.07      1.09      2.39    510.68    498.61    548.65    103047     73756    183841 
2026-01-24 15:30:00      0      6.56      5.63      6.84     -2.36     -5.72      0.37      4.90      0.03      6.30      3.31     -5.44      6.08    121.90     86.24    179.53     29.50    -58.88     67.45      1.74      0.27      2.46    548.53    513.15    569.97     80302     41914    157864 
2026-01-24 16:00:00      0      6.46      5.73      6.80     -4.65     -6.56     -2.39     -0.49     -2.43      2.45     -4.61     -5.98      2.18    184.89    157.63    220.77    -45.86    -67.77     18.66      0.15      0.10      1.86    544.08    499.42    568.75    140090     41914    333582 
2026-01-24 16:30:00      0      6.16      5.63      6.68     -2.43     -4.41      0.63     -1.17     -2.66      2.89     -5.40     -6.04     -4.16    196.85     65.07    235.58    -62.00    -84.16    -39.73      0.14      0.10      1.86    550.81    507.80    609.14    111707     66766    268052 
2026-01-24 17:00:00      0      6.87      5.29      7.19     -6.00     -6.60      0.55     -0.62     -3.04      5.66     -2.52     -4.35      4.24    173.73     83.17    218.40    -21.35    -43.69     43.43      0.57      0.10      2.33    507.35    469.17    567.79    110241     39667    347977 
2026-01-24 17:30:00      0      6.93      6.52      7.13     -6.23     -7.01     -4.43     -1.42     -2.45      2.22     -2.94     -5.11      0.46    193.17    160.68    205.59    -25.66    -48.35      3.95      0.29      0.10      1.64    508.60    474.74    589.37    189329     18509    368053 
2026-01-24 18:00:00      0      7.04      5.80      7.64     -5.05     -7.12     -1.45      4.79      0.51      6.25      0.77     -4.58      3.32    141.13    103.24    174.24      6.29    -42.05     26.60      2.01      0.23      2.95    517.90    476.98    540.19    102567     42907    254156 
2026-01-24 18:30:00      0      7.19      5.60      7.32     -5.94     -7.15     -2.33      0.78     -4.29      3.71     -2.97     -4.79      4.14    178.57    147.90    241.43    -24.78    -42.45     34.73      0.57      0.10      2.35    496.63    459.28    569.04    102567     11150    399235 
2026-01-24 19:00:00      0      7.08      6.71      7.41     -6.27     -6.84     -4.75      2.74      0.75      4.89     -1.50     -2.85      2.64    155.31    135.13    173.59    -12.17    -24.09     21.79      1.04      0.30      2.15    506.79    468.56    520.29    152217     16588    254395 
2026-01-24 19:30:00      0      7.04      4.87      7.20     -5.68     -6.41     -2.69      3.04      0.56      5.28     -2.68     -4.40      4.22    149.79    118.50    173.07    -22.76    -39.60     38.08      1.09      0.10      2.32    514.24    456.47    561.25    150502     11672    312519 
2026-01-24 20:00:00      0      6.94      6.82      7.20     -5.13     -6.07     -4.44      0.84      0.14      2.22     -4.64     -5.18     -2.74    169.02    158.96    178.29    -41.77    -48.92    -23.68      0.12      0.10      0.65    545.33    451.62    588.03    282280     10878    453442 
2026-01-24 20:30:00      0      6.78      5.47      7.02     -5.54     -6.27     -4.71      3.23     -0.87      3.90      0.37     -4.11      3.29    156.24    141.73    189.64      3.12    -38.14     29.30      1.56      0.10      1.92    507.77    455.52    559.01    123160     22200    195465 
2026-01-24 21:00:00      0      6.80      6.59      7.18     -6.41     -6.99     -5.27      1.39     -1.00      2.73     -0.92     -3.68      1.36    169.17    154.04    190.47     -7.75    -33.88     11.77      1.11      0.13      1.77    501.23    470.30    534.74    166017     51138    319989 
2026-01-24 21:30:00      0      6.63      6.53      6.78     -6.05     -6.54     -5.44      2.11     -0.54      2.92      1.95      0.88      2.83    162.23    151.73    184.72     17.01      7.61     25.06      1.55      1.28      1.93    511.12    504.80    518.25    128014    104156    152390 
2026-01-24 22:00:00      0      6.72      4.99      6.92     -6.45     -6.68     -4.04      1.33     -1.36      3.87     -1.22     -4.34      3.46    166.80    136.43    192.78    -10.41    -45.18     32.04      0.74      0.17      1.89    510.94    475.85    560.41    151541     43908    416774 
2026-01-24 22:30:00      0      6.50      5.68      6.99     -5.87     -6.37     -4.51      0.52     -3.33      2.61     -2.39     -3.08     -0.63    178.79    154.07    216.46    -21.56    -27.59     -5.72      0.37      0.10      1.22    512.72    457.00    575.32    140219     16848    464844 
2026-01-24 23:00:00      0      5.82      4.73      6.35     -5.17     -5.67     -2.06     -1.92     -3.12      3.13     -0.48     -4.37      2.41    188.78    136.20    211.44     -4.75    -63.65     26.80      1.45      0.29      2.13    528.34    489.21    554.22    207611     74735    262519 
2026-01-24 23:30:00      0      6.34      5.90      6.61     -5.78     -6.11     -3.88      2.61     -1.64      4.81      0.07     -2.33      0.58    158.55    129.29    196.04      0.60    -21.27      5.19      1.40      0.54      1.71    516.87    488.06    528.81    184436     90598    252637 
2026-01-25 00:00:00      0      5.93      5.48      6.83     -5.58     -6.78     -3.97      1.24     -2.01      3.56     -0.52     -1.73      2.86    169.09    138.08    200.19     -4.54    -16.20     29.83      1.37      0.41      2.08    528.87    482.65    545.10    235222     70340    303065 
2026-01-25 00:30:00      0      6.57      5.70      6.77     -6.36     -6.72     -4.53     -0.24     -3.31      1.59     -1.49     -2.24     -0.44    182.58    164.48    216.16    -13.04    -20.23     -3.80      1.32      0.92      1.60    540.55    532.12    552.01    242973    177609    289521 
2026-01-25 01:00:00      0      6.45      4.63      6.64     -6.30     -6.58     -0.25     -0.08     -4.85      1.90     -1.21     -2.42      0.98    185.75    161.57    267.02    -10.54    -21.58      9.29      1.49      1.07      2.08    534.62    526.72    570.67    223417    146637    269758 
2026-01-25 01:30:00      0      5.85      4.69      6.46     -5.42     -6.33      0.32     -2.25     -5.03      2.40     -0.23     -1.99      1.00    208.48    155.61    273.77     -2.61    -18.86     10.28      1.85      1.40      2.13    530.72    525.86    582.52    206628    128675    292961 
2026-01-25 02:00:00      0      6.45      6.12      6.66     -5.86     -6.46     -5.36      1.36     -0.49      2.59     -1.98     -2.56     -0.92    170.12    154.21    184.81    -18.04    -23.31     -8.09      1.37      0.98      1.86    535.92    517.51    545.24    249582    127828    278526 
2026-01-25 02:30:00      0      6.37      5.07      6.96     -5.45     -6.79     -2.77      0.75     -1.31      1.99     -3.06     -5.07      6.14    171.76    147.46    194.48    -28.80    -53.50     61.85      1.32      0.99      3.22    534.55    524.59    574.26    251081    118713    290105 
2026-01-25 03:00:00      0      6.74      3.66      7.39     -3.58     -7.35     -1.56      3.65     -0.64      6.02      0.98     -4.64      6.17    140.73    106.60    185.00      8.07    -56.50     68.63      2.44      1.35      3.50    558.56    534.11    587.12    161779    111848    234179 
2026-01-25 03:30:00      0      7.24      6.71      7.44     -5.28     -5.70     -3.89      4.73      2.68      5.70     -1.04     -4.77      1.57    137.61    127.47    145.42     -8.09    -45.32     12.55      2.04      0.70      2.76    551.62    544.89    562.05    131352    112185    194535 
2026-01-25 04:00:00      0      6.41      5.44      7.04     -2.59     -4.99     -0.27      3.39      0.99      5.50      3.52     -5.13      6.00    127.73    101.28    153.15     32.98    -47.77     75.05      2.81      0.19      3.21    581.92    519.30    605.25    127975     63922    279607 
2026-01-25 04:30:00      0      6.26      5.57      6.74     -2.43     -5.06     -1.23      4.52      2.88      5.83      2.67     -1.26      5.12    118.97    107.68    139.98     28.63    -11.52     58.00      2.87      1.96      3.67    584.70    564.20    596.74    122574     99243    170382 
2026-01-25 05:00:00      0      6.18      5.23      6.58     -3.82     -4.83     -2.27      4.26      0.26      5.29      1.06     -5.49      3.26    137.56    119.20    173.49      9.47    -67.44     31.77      2.39      0.20      3.05    579.84    571.52    601.65    131180    107734    232018 
2026-01-25 05:30:00      0      6.32      4.58      6.82     -3.88     -6.34     -1.29      4.41      1.35      5.26     -0.46     -3.64      3.28    136.82    106.34    166.81     -4.26    -38.34     29.07      1.88      0.99      2.79    575.67    556.56    597.53    131250     99867    166148 
2026-01-25 06:00:00      0      6.41      5.86      6.81     -5.63     -6.19     -4.23      2.74      1.21      3.80      0.00     -3.28      3.40    154.59    142.16    168.46     -0.01    -33.97     32.04      2.08      1.00      3.13    564.63    557.14    584.99    139499     95133    198828 
2026-01-25 06:30:00      0      6.26      5.67      6.44     -4.62     -5.39     -3.70      2.81      0.49      3.79     -2.99     -4.52     -1.61    149.88    138.94    173.68    -28.61    -49.13    -14.69      1.27      0.83      1.95    570.49    556.80    584.08    175180    144545    241824 
2026-01-25 07:00:00      0      5.60      5.23      6.02     -0.61     -4.38      0.59      3.38      2.82      4.38     -4.11     -4.50     -1.75    107.87     78.24    144.25    -49.32    -57.37    -17.24      1.11      0.94      1.93    590.01    571.42    598.39    119213     90622    181264 

2026-01-25 07:30:00      0    -99999    -99999    -99999    -99999    -99999    -99999    -99999    -99999    -99999    -99999    -99999    -99999    -99999    -99999    -99999    -99999    -99999    -99999    -99999    -99999    -99999    -99999    -99999    -99999    -99999    -99999    -99999 
2026-01-25 08:00:00      0      6.08      4.74      6.27     -4.38     -5.51      0.83      3.83     -0.95      4.70     -1.73     -3.86      3.00    143.65     77.15    190.86    -16.72    -40.55     38.38      2.11      0.88      2.94    570.07    538.64    595.47    134920     95851    273439 

2026-01-25 08:30:00      0      5.91      4.92      6.28     -3.81     -5.48     -0.22      1.55     -1.78      4.83     -3.69     -4.99     -0.60    153.80     92.63    198.46    -39.43    -57.03     -5.49      1.19      0.77      1.95    583.49    545.18    606.51    194747     90191    414816 
2026-01-25 09:00:00      0      5.64      4.97      6.35     -1.92     -5.55     -0.24      4.64      1.70      5.53     -1.51     -4.24      1.84    118.82     92.75    158.99    -13.85    -46.34     18.24      1.82      0.52      3.14    572.62    528.98    617.97    137289     35964    296001 
2026-01-25 09:30:00      0      5.07      4.03      5.87     -3.15     -4.59      1.81      3.65     -1.39      5.03     -1.80     -3.91      0.90    127.71     68.13    201.06    -18.74    -49.63     10.79      1.25      0.71      2.68    575.60    540.12    644.62    150601     50096    421526 
2026-01-25 10:00:00      0      5.97      4.54      6.15     -5.63     -5.99      2.50      0.06     -2.01      4.87     -1.71     -2.87     -0.42    155.46     55.97    199.68    -17.09    -34.38     -3.99      1.71      0.93      2.21    570.55    553.78    616.76    187516     96167    307593 
2026-01-25 10:30:00      0      5.80      5.18      6.26     -5.13     -6.05     -1.74      2.50      0.04      4.68     -0.18     -2.32      3.78    150.75    111.16    179.60     -1.82    -23.60     40.81      1.76      1.01      3.35    558.09    530.49    591.35    160599     53242    293335 
2026-01-25 11:00:00      0      6.17      5.55      6.78     -5.35     -6.47     -2.57      2.40     -2.02      4.17     -1.48     -3.46      2.94    157.97    121.61    199.63    -12.73    -33.86     30.55      1.49      0.69      3.24    550.40    527.16    590.50    154304     75880    254707 
2026-01-25 11:30:00      0      6.05      4.99      6.34     -3.02     -6.12     -0.14      3.87     -1.74      5.09     -2.85     -4.19      0.06    135.48     91.72    196.95    -28.59    -41.67      0.56      1.44      0.81      2.02    561.71    534.93    589.23    150206     71595    266135 
2026-01-25 12:00:00      0      6.09      5.65      6.23     -3.31     -5.28     -2.51      2.26      0.96      3.92     -4.15     -5.14     -3.00    145.81    125.49    167.97    -44.86    -61.94    -29.07      0.87      0.29      1.39    567.22    502.75    601.21    145454     35498    248924 
2026-01-25 12:30:00      0      6.41      5.53      6.81     -6.12     -6.58     -2.48      1.25     -0.80      2.20     -1.96     -4.75      0.16    165.77    141.90    187.19    -17.13    -55.61      1.46      1.21      0.61      2.10    545.94    516.02    595.72    182765    105629    250042 
2026-01-25 13:00:00      0      6.38      6.09      6.60     -6.33     -6.56     -6.09     -0.17     -1.41      0.47     -0.30     -2.04      1.06    181.73    175.73    192.60     -2.70    -18.24      9.56      1.60      0.92      2.16    527.13    503.40    540.90    179244     96061    253116 
2026-01-25 13:30:00      0      6.26      5.15      6.79     -5.80     -6.28     -4.09      0.78     -0.02      1.39     -2.31     -3.45     -1.21    171.95    165.53    180.20    -21.40    -35.28    -10.88      1.05      0.54      1.75    528.58    486.39    563.34    198469     74467    361247 
2026-01-25 14:00:00      0      5.49      4.80      6.56     -4.82     -6.19     -3.83      0.98      0.33      4.16     -1.59     -3.49      2.26    163.17    133.54    176.13    -15.17    -40.88     21.76      1.18      0.53      2.51    523.09    485.23    553.58    180037     43181    333395 
2026-01-25 14:30:00      0      5.99      5.65      6.08     -4.61     -5.19     -2.24      3.39      2.46      4.23      1.47     -0.77      4.39    141.45    120.71    152.56     14.06     -7.48     48.83      2.47      2.09      3.37    511.79    504.71    532.81    103389     85921    128163 
2026-01-25 15:00:00      0      5.96      5.41      6.11     -3.76     -5.36     -2.60      3.07     -0.17      3.81      3.46     -0.50      4.26    143.62    127.57    181.94     34.96     -4.86     46.01      2.59      1.36      3.53    509.21    484.53    531.23     85210     37187    122758 
2026-01-25 15:30:00      0      5.83      5.33      6.13     -3.51     -6.12     -2.12      3.78     -1.15      5.08      2.08     -1.97      3.41    138.65    112.67    192.21     20.49    -19.42     35.92      2.37      1.20      3.37    510.30    483.01    531.62    102694     46673    191165 
2026-01-25 16:00:00      0      6.05      5.18      6.37     -5.76     -6.33     -0.87      0.18     -1.57      3.42     -0.57     -2.95      3.93    173.92    104.96    195.75     -5.53    -29.15     49.43      1.62      0.81      3.06    510.74    493.60    546.10    176525     83568    232223 
2026-01-25 16:30:00      0      6.27      6.11      6.43     -6.16     -6.42     -5.62      0.25     -0.94      1.79     -0.89     -2.00      2.54    176.38    162.36    189.35     -8.12    -18.72     23.81      1.24      0.72      2.13    500.12    484.80    509.89    173989     59320    243407 
2026-01-25 17:00:00      0      6.23      5.73      6.34     -5.79     -6.09     -3.27      1.61      0.90      3.43     -1.54     -3.76     -0.83    162.56    139.11    171.32    -14.28    -41.02     -7.57      1.00      0.60      1.54    503.43    483.25    527.45    189371     93390    268236 
2026-01-25 17:30:00      0      6.14      5.89      6.31     -5.67     -5.95     -4.73      2.06      0.60      3.30     -1.40     -2.63      0.66    160.03    145.15    173.83    -12.93    -25.38      6.27      1.13      0.41      2.16    495.27    474.02    511.87    133218     64328    222542 
2026-01-25 18:00:00      0      6.03      5.72      6.17     -5.86     -6.02     -5.44      1.07     -0.81      2.17     -0.78     -1.57     -0.34    171.92    158.80    188.50     -7.48    -15.86     -3.22      1.24      0.82      1.78    502.86    481.86    511.11    199331     51579    243483 
2026-01-25 18:30:00      0      5.57      3.46      5.85     -5.07     -5.73     -1.61      1.93     -0.80      3.28     -0.69     -1.56      1.47    160.86    119.86    188.49     -7.10    -15.90     20.31      1.41      0.69      1.91    509.57    492.66    524.19    164848    110943    281510 
2026-01-25 19:00:00      0      4.23      3.43      5.18      0.97     -4.60      2.31      1.12     -2.82      2.81      3.24      0.06      4.57     36.26      6.10    348.57     54.33      0.70     84.56      2.44      1.15      2.90    531.56    484.13    574.11    111153     69620    220958 
2026-01-25 19:30:00      0      5.05      2.99      5.69     -3.18     -4.37      0.57      3.28     -1.32      4.41      1.59     -0.38      4.28    131.06     59.78    350.88     18.05     -4.36     85.69      2.22      1.06      2.97    513.96    476.30    556.19    123200     51273    158963 
2026-01-25 20:00:00      0      4.88      3.80      5.62     -4.18     -5.52      1.23      1.44     -0.82      3.59     -0.58     -2.92      3.27    146.74     61.43    191.81     -6.55    -38.51     50.38      1.26      0.49      2.72    512.18    482.30    558.83    147665     79357    230491 
2026-01-25 20:30:00      0      5.05      4.69      5.66     -3.37     -4.37     -2.45      2.93      1.45      3.99     -2.08     -3.39     -0.26    139.60    125.39    156.47    -24.66    -42.94     -2.99      0.98      0.39      1.70    515.07    493.34    542.17    156640    106418    289798 
2026-01-25 21:00:00      0      4.65      4.13      5.68     -2.43     -4.83     -0.71      2.38      0.83      3.72      1.82     -2.90      4.76    137.50    105.07    161.64     22.97    -32.75     73.88      1.84      0.97      2.47    508.94    502.08    518.55    121547    109553    206201 
2026-01-25 21:30:00      0      4.29      3.33      5.89     -2.69     -5.64     -0.39      2.01     -1.15      3.24      2.08     -1.67      3.14    141.76    110.79    192.96     29.49    -17.74     70.58      1.94      1.01      2.14    508.65    501.76    525.93    131679    115501    235386 
2026-01-25 22:00:00      0      4.38      2.13      5.69      2.11     -5.55      2.52      0.70     -0.90      2.12      3.45     -1.35      4.33     31.76      2.44    356.79     53.96    -16.89     71.98      1.71      1.09      2.02    556.30    503.08    579.79    127861    104515    232024 
2026-01-25 22:30:00      0      5.06      4.40      5.56     -2.57     -4.36      1.19      1.61     -0.32      4.23      3.52      1.58      4.64    135.08      4.80    354.04     49.64     17.70     85.43      1.80      1.35      2.20    517.55    498.76    572.41    128281    101839    170751 
2026-01-25 23:00:00      0      5.87      5.29      6.07     -5.22     -5.79     -4.39      2.19      1.02      3.09     -1.20     -2.13      0.21    157.25    146.24    170.00    -11.49    -20.97      2.17      0.69      0.36      1.87    496.89    481.83    511.99    162908     55192    209607 
2026-01-25 23:30:00      0      5.57      5.32      5.92     -5.01     -5.79     -3.63      1.91     -0.89      3.94     -1.14     -2.11      0.98    158.79    132.71    189.84    -11.14    -22.26     10.32      0.62      0.12      1.05    490.11    458.55    504.80    189541     83516    374726 
2026-01-26 00:00:00      0      5.68      5.28      5.97     -5.56     -5.82     -4.85      0.55     -0.55      1.74     -1.23     -1.54     -0.65    174.44    160.28    185.56    -12.63    -15.40     -6.54      0.64      0.22      0.86    495.25    460.18    520.99    205495     37539    326268 
2026-01-26 00:30:00      0      5.60      5.49      5.92     -5.56     -5.87     -4.96      0.34     -0.40      0.87     -0.78     -2.34     -0.21    176.47    170.79    184.58     -8.09    -25.25     -2.06      0.83      0.35      0.97    502.85    493.94    509.75    222037    153227    272987 
2026-01-26 01:00:00      0      5.59      4.78      5.71     -5.46     -5.64     -2.46      0.55     -2.16      1.90     -0.94     -3.49      0.41    181.43    160.03    220.90     -9.54    -47.01      4.10      0.87      0.11      1.22    500.74    471.63    539.06    197764     39095    259281 
2026-01-26 01:30:00      0      4.91      4.24      5.31     -4.36     -5.04     -2.47      0.86     -1.87      1.95      1.52     -2.70      3.51    173.21    141.70    208.89     17.97    -34.03     45.41      1.38      0.12      2.05    498.47    456.51    542.38    147055     26480    344739 
2026-01-26 02:00:00      0      5.58      5.34      5.75     -5.52     -5.72     -5.20     -0.27     -1.33      1.06      0.58     -0.13      0.96    180.23    168.86    194.34      6.06     -1.34      9.89      1.18      0.69      1.46    488.83    485.37    494.68    124712    109810    195737 
2026-01-26 02:30:00      0      5.72      4.69      6.13     -5.49     -5.77     -3.20      1.15     -0.52      2.79      0.29     -3.33      1.28    167.44    152.19    188.17      3.01    -45.31     12.91      0.95      0.27      1.23    484.54    472.92    540.18    156295    115355    230000 
2026-01-26 03:00:00      0      6.10      5.61      6.41     -5.36     -5.58     -4.99      2.43      1.15      3.06      1.55      0.62      2.96    155.96    150.72    167.63     14.75      5.76     28.13      1.21      0.68      1.48    481.31    474.12    503.10    155727    106114    334942 
2026-01-26 03:30:00      0      6.37      6.23      6.45     -5.74     -5.95     -5.01      2.49      1.73      3.71      1.21      0.74      1.75    155.63    143.51    163.76     10.90      6.79     16.17      1.11      0.86      1.31    485.10    479.13    489.91    149555     99404    176020 
2026-01-26 04:00:00      0      6.05      4.82      6.24     -5.00     -5.58     -2.29      2.42     -0.31      3.65      2.21     -0.77      4.73    153.19    139.66    187.37     21.40     -9.02     61.49      1.39      0.99      1.59    483.60    477.69    513.03    124464     93860    229754 
2026-01-26 04:30:00      0      6.23      5.66      6.63     -3.42     -4.99     -2.02      1.98      1.01      5.01      4.42      1.82      5.39    145.02    111.93    165.10     45.05     18.63     59.16      1.57      1.13      1.75    492.65    478.84    508.38     92384     67098    119830 
2026-01-26 05:00:00      0      6.30      5.66      6.56     -3.99     -5.25     -1.78      4.44      3.23      5.25      1.66      0.28      3.48    130.94    109.11    143.36     16.27      2.42     34.17      1.49      1.15      1.77    487.92    478.30    504.11    103397     76411    135598 
2026-01-26 05:30:00      0      6.70      6.31      7.14     -4.78     -5.79     -4.31      4.44      3.28      4.76      1.62      0.37      2.65    137.83    132.16    150.47     13.88      3.38     21.83      1.44      1.08      1.72    483.04    470.80    488.76     92340     68433    168400 
2026-01-26 06:00:00      0      8.30      7.18      8.90     -6.03     -7.17     -5.12      5.31      3.24      6.13      1.46      0.16      2.42    139.86    129.94    152.16     10.32      1.14     19.74      1.69      1.16      1.96    486.35    470.48    493.98     83516     67759    202287 
2026-01-26 06:30:00      0      8.22      6.80      8.61     -4.73     -6.08     -0.13      5.73      4.28      6.86      2.87     -2.04      6.50    126.81     91.43    138.11     20.47    -14.71     50.42      0.99      0.23      2.07    523.50    457.01    560.19    231644     33036    481168 
2026-01-26 07:00:00      0      8.06      7.09      8.70     -3.57     -7.22      1.49      4.75     -1.09      7.00      4.52     -2.16      6.38    122.92     77.07    189.79     34.09    -14.43     64.13      1.02      0.30      1.42    520.49    479.18    593.16    156958    107010    271323 

2026-01-26 07:30:00      1      8.38      7.85      8.68     -6.59     -7.23     -3.68     -0.22     -1.51      7.18     -4.47     -5.40     -2.40    173.12    117.14    193.48    -33.76    -39.79    -16.14      5.97      5.31      6.83    501.50    492.10    508.80    236776    203500    251662 

2026-01-26 08:00:00      0      8.52      8.36      8.69     -7.41     -8.04     -6.47      3.41      1.68      4.75     -2.53     -3.06     -1.98    155.35    143.70    168.18    -17.19    -21.45    -13.64      0.13      0.10      1.10    471.83    440.74    524.14    134774     31552    521500 

2026-01-26 08:30:00      0      8.17      7.94      8.55     -7.56     -7.98     -5.91      2.66      1.51      5.16     -1.94     -2.99     -0.24    159.72    138.87    169.03    -14.00    -20.79     -1.74      0.41      0.10      1.02    467.35    450.21    500.26     92082     25484    384541 
2026-01-26 09:00:00      0      7.93      7.18      8.06     -7.80     -8.02     -2.87      1.51      0.45      6.40      0.32     -1.53      0.91    163.74    114.20    176.74      2.29    -12.33      6.64      0.90      0.60      1.54    479.92    469.28    512.25    113377     44838    166450 
2026-01-26 09:30:00      0      7.62      6.89      7.94     -6.65     -7.67      0.14      3.40      1.87      6.80     -1.03     -2.14     -0.05    140.72     88.83    166.27     -7.87    -18.11     -0.35      1.06      0.72      2.20    489.57    470.21    550.72    166201     64720    265011 
2026-01-26 10:00:00      0      7.46      5.97      7.76     -6.66     -7.33     -4.80      2.74      0.76      3.61     -1.61     -2.82      0.14    158.33    144.94    173.90    -12.45    -23.77      1.08      0.86      0.50      2.22    483.85    461.26    513.84    179423     52217    411422 
2026-01-26 10:30:00      0      5.91      4.22      6.19      4.24      2.31      5.15      3.46      2.34      5.42      1.69      0.33      3.02     40.61     26.75     66.86     17.32      3.26     37.65      2.48      1.85      3.14    568.10    546.53    575.04     85845     66828    248072 
2026-01-26 11:00:00      0      6.51      4.11      7.72     -5.64     -7.18      4.36      2.00     -2.98      4.54     -2.09     -3.43      3.43    115.70     38.47    207.88    -16.40    -26.94     32.10      2.53      0.44      3.23    542.07    492.45    566.16     85004     55421    306064 
2026-01-26 11:30:00      0      6.88      6.46      7.77     -6.18     -6.66     -3.75      2.55      0.54      4.28     -2.35     -4.16     -0.24    157.62    138.06    175.32    -19.97    -39.56     -2.03      0.87      0.14      2.21    495.22    466.22    531.19    193302     85315    358318 
2026-01-26 12:00:00      0      7.15      6.64      7.51     -5.84     -6.77     -3.40      1.19      0.50      2.05     -4.23     -5.56     -2.03    168.03    150.69    175.36    -35.37    -54.94    -16.51      0.76      0.26      1.10    506.83    449.87    533.37    185384     29561    317654 
2026-01-26 12:30:00      0      7.17      6.57      8.49     -3.36     -7.06      0.39      4.62     -0.38      7.30     -4.38     -6.48      0.26    130.57     85.07    185.60    -40.45    -61.40      1.77      1.09      0.43      2.66    507.73    454.61    542.17    130700     18965    327593 
2026-01-26 13:00:00      0      8.14      7.65      8.39     -4.64     -6.86     -3.48      6.65      4.26      7.01     -0.05     -1.38      3.46    125.14    117.08    148.16     -0.36     -9.69     24.53      1.92      1.02      3.47    498.57    470.27    525.02    107928     59882    184472 
2026-01-26 13:30:00      0      7.70      7.02      8.20     -4.63     -5.81     -3.09      4.23      2.48      7.08      3.85      1.29      4.71    134.91    113.63    156.06     31.73      9.31     37.98      3.00      1.22      4.54    486.77    459.61    507.90     98416     44781    161289 
2026-01-26 14:00:00      0      6.26      4.87      7.50     -2.64     -4.34     -0.80      4.92      2.54      6.21      1.41     -4.92      3.76    118.65     99.79    140.29     13.16    -51.74     34.39      1.79      0.87      4.42    496.17    456.47    519.49    118345     37122    220600 
2026-01-26 14:30:00      0      6.42      4.82      6.96     -5.11     -5.99      2.99      2.56     -1.13      4.84     -1.48     -4.52      3.29    152.96     52.26    192.29    -13.47    -53.66     32.94      1.90      0.44      3.77    483.28    466.98    548.83    133595     80135    224987 
2026-01-26 15:00:00      0      6.40      5.83      7.15     -4.66     -6.11     -3.75      3.55      0.99      4.97     -1.94     -3.71      0.00    144.46    129.08    169.73    -16.97    -37.00      0.04      2.05      0.41      3.57    482.46    463.90    505.20    115319     53080    165809 
2026-01-26 15:30:00      0      6.38      6.14      6.92     -4.41     -5.78     -2.79      4.59      3.30      5.47     -0.22     -0.92      0.95    135.19    117.01    149.56     -2.02     -7.77      8.59      3.01      1.64      3.57    481.92    461.02    495.70     94703     55540    149372 
2026-01-26 16:00:00      0      6.15      5.60      6.43     -3.12     -4.33     -0.51      5.07      4.36      5.81      1.11     -0.56      2.73    118.83     95.07    133.39     11.33     -5.23     26.07      3.19      1.95      3.89    487.58    446.92    510.18     96202     43120    176762 
2026-01-26 16:30:00      0      5.63      5.19      6.21      0.23     -1.75      1.85      5.57      4.88      6.02     -0.39     -2.13      0.78     89.25     70.29    107.25     -4.09    -20.83      8.08      2.96      2.18      3.85    508.16    492.45    535.69     94243     50207    158199 
2026-01-26 17:00:00      0      5.89      4.61      6.13      0.42     -0.67      2.49      5.85      3.09      6.06      0.26     -1.11      2.68     80.47     55.42     96.51      2.45    -10.78     35.55      2.86      2.24      3.81    509.72    475.71    533.22     89023     55055    155411 
2026-01-26 17:30:00      0      4.71      4.16      5.11      2.95      2.19      3.63      3.25      2.77      4.22      1.15      0.31      2.47     48.40     40.94     57.66     14.88      3.97     31.23      3.17      2.53      3.88    508.43    491.25    536.84     89302     59537    134289 
2026-01-26 18:00:00      0      6.45      4.97      6.83     -4.03     -5.05      2.72      4.15      3.37      5.68     -2.84     -3.33      0.66    113.92     56.92    146.26    -25.09    -31.40      7.57      2.24      0.51      3.20    507.39    457.04    519.01    108943     41460    196450 
2026-01-26 18:30:00      0      7.14      6.86      7.68     -5.17     -5.77     -4.67      3.50      3.00      4.31     -3.57     -4.24     -2.97    145.93    137.28    150.80    -30.34    -33.82    -25.04      2.02      1.20      2.74    498.14    467.59    511.37    132464     69824    191184 
2026-01-26 19:00:00      0      7.30      6.87      7.69     -5.63     -6.05     -5.09      3.05      1.52      4.71     -3.26     -4.58     -1.36    151.04    138.71    164.61    -26.86    -37.25    -10.77      2.22      1.17      2.95    488.46    470.57    497.23    139399     65717    203997 
2026-01-26 19:30:00      0      7.37      7.04      7.47     -5.86     -6.15     -5.53      2.68      2.11      3.10     -3.58     -4.03     -2.98    155.47    150.77    161.03    -28.95    -33.42    -24.56      1.88      1.58      2.28    480.67    472.45    499.28    126934     58918    204396 
2026-01-26 20:00:00      0      7.64      7.16      7.78     -6.93     -7.15     -5.88      2.94      2.15      3.47     -1.18     -3.19     -0.35    156.53    149.43    160.77     -8.77    -26.17     -2.60      2.12      0.91      3.67    470.53    452.97    493.30    109272     47224    249439 
2026-01-26 20:30:00      0      7.71      7.29      7.82     -7.03     -7.54     -5.65      3.19      1.88      4.34     -0.24     -1.57      0.93    155.78    142.45    165.47     -1.78    -12.40      6.87      2.86      1.11      3.90    469.21    434.63    490.15    101889     46161    169615 
2026-01-26 21:00:00      0      7.76      7.67      7.91     -7.24     -7.60     -6.66      2.76      1.94      3.50      0.70     -0.19      1.98    158.98    152.29    165.64      5.17     -1.37     14.91      2.92      1.83      6.30    463.87    435.10    482.72     97373     55359    162037 
2026-01-26 21:30:00      0      7.64      7.23      7.89     -7.12     -7.55     -5.88      2.16      0.81      4.67      1.54      0.19      2.60    162.48    141.53    173.64     11.57      1.44     21.08      2.86      1.05      6.62    460.79    451.83    473.82    102848     68477    177198 
2026-01-26 22:00:00      0      7.04      6.21      7.31     -6.14     -6.66     -5.02      1.14      0.24      2.63      2.85      1.95      4.15    167.77    157.05    177.25     23.54     16.51     38.03      2.03      1.57      3.63    457.21    423.42    483.66    118419     64905    184903 
2026-01-26 22:30:00      0      6.65      5.90      7.34     -5.54     -6.74     -4.82      0.92      0.01      2.59      3.13      2.28      4.19    169.11    156.05    179.89     28.85     18.39     38.36      2.13      1.11      2.65    451.43    424.38    460.77    140344     83267    198634 
2026-01-26 23:00:00      0      6.73      6.39      6.94     -5.21     -6.20     -3.51     -0.81     -2.13      1.82      4.13      2.06      4.94    187.52    163.65    211.28     37.89     17.95     50.65      2.54      2.04      3.15    442.84    433.26    448.46     80804     62892    164251 
2026-01-26 23:30:00      0      7.10      6.52      8.07     -5.92     -7.89     -3.66     -1.35     -2.93      1.75      3.22      0.59      4.82    190.35    167.34    217.04     27.05      4.24     45.89      3.05      2.70      3.43    442.67    432.13    450.57    105244     66202    154122 
2026-01-27 00:00:00      0      7.68      6.91      8.08     -7.36     -7.81     -6.22      1.93     -3.47      3.32      0.45     -0.96      1.64    169.86    155.55    209.13      3.25     -7.72     12.29      3.08      2.33      3.91    443.28    432.11    452.32    126563    106940    172887 
2026-01-27 00:30:00      0      6.77      6.49      7.52     -6.17     -7.36     -5.57      2.14      0.08      3.54     -1.02     -2.70      0.46    161.35    147.95    179.28     -8.36    -23.16      3.97      3.23      2.30      3.99    432.24    426.07    443.55    131636    113103    157445 
2026-01-27 01:00:00      0      6.88      6.61      7.87     -6.33     -7.08     -5.87      2.75      2.27      3.57     -1.11     -1.90      0.23    156.33    153.00    160.67     -9.52    -14.96      1.71      3.20      2.59      3.81    430.82    424.81    447.50    114607     76277    131054 
2026-01-27 01:30:00      0      7.13      5.71      7.64     -6.19     -6.86     -2.67      3.31      2.33      4.57     -0.14     -2.20      3.92    149.72    125.88    159.17     -1.06    -17.64     42.85      3.13      2.48      3.57    438.02    433.06    448.32     95647     65404    127338 
2026-01-27 02:00:00      0      5.99      5.64      6.33     -4.24     -6.05     -2.86      3.79      1.79      4.28      1.60      0.02      3.14    138.85    125.91    163.49     15.43      0.15     32.80      3.55      2.68      4.26    439.48    427.03    446.92     87885     71641    128058 
2026-01-27 02:30:00      0      6.16      5.70      6.61     -5.32     -6.20     -3.73      2.88      0.64      4.01      1.14      0.23      1.99    154.17    132.94    174.04     10.71      2.12     18.43      3.73      3.17      4.01    425.99    422.80    447.54    103061     78062    135046 
2026-01-27 03:00:00      0      6.65      6.13      7.09     -5.85     -6.50     -5.06      3.18      2.65      4.17      0.39     -0.55      1.34    150.73    140.86    156.70      3.30     -4.86     12.13      3.60      3.01      4.18    428.62    423.12    436.40     92515     83472    110555 
2026-01-27 03:30:00      0      6.27      6.08      6.37     -5.44     -5.63     -4.47      3.18      2.74      4.04     -0.26     -0.90      0.71    147.10    137.92    153.92     -2.39     -8.49      6.49      3.93      3.55      4.21    423.26    420.93    428.66     86937     65384     99768 
2026-01-27 04:00:00      0      6.11      5.98      6.36     -5.75     -6.27     -3.75      2.24     -0.79      4.63     -0.68     -1.15      1.30    153.00    128.99    187.38     -6.54    -11.05     12.48      3.84      3.39      4.28    418.12    411.87    429.79     74087     60207    101246 
2026-01-27 04:30:00      0      6.24      6.10      6.37     -5.16     -5.52     -4.81      3.46      2.78      3.69     -0.80     -1.28      0.43    146.38    143.16    153.28     -7.21    -12.07      3.96      3.70      3.08      3.90    416.30    414.47    417.87     64361     57996     87445 
2026-01-27 05:00:00      0      6.05      5.86      6.21     -5.26     -5.95     -4.95      2.57      0.62      3.40     -1.41     -1.80     -1.10    155.54    145.53    174.09    -13.41    -17.26    -10.44      3.44      2.92      4.53    416.37    412.53    426.45     72918     61057    112630 
2026-01-27 05:30:00      0      5.98      5.83      6.16     -5.22     -5.44     -4.95      2.53      2.20      3.05     -1.49     -1.79     -0.35    154.00    148.39    157.49    -14.36    -17.24     -3.43      3.43      3.02      3.99    416.16    414.40    417.84     69212     65552     76605 
2026-01-27 06:00:00      0      6.14      5.70      6.40     -5.62     -5.90     -4.85      1.78     -0.31      2.16     -1.99     -2.50     -1.25    164.44    156.66    183.14    -18.73    -25.33    -11.58      3.11      2.86      3.41    418.10    413.44    424.40     82794     72165     92839 
2026-01-27 06:30:00      0      5.58      5.24      6.29     -5.38     -5.76     -4.72      1.29     -0.50      1.90     -1.77     -2.64     -0.70    170.36    158.71    185.63    -18.00    -25.52     -6.96      3.27      2.45      3.72    417.32    412.15    420.03     93375     74063    104484 
2026-01-27 07:00:00      0      5.41      5.09      5.44     -4.89     -5.10     -4.76     -0.44     -2.00      1.06     -1.90     -2.30     -0.93    181.69    168.29    202.53    -21.20    -25.04    -10.06      2.87      2.74      3.24    419.82    406.44    422.32     90509     70350     95511 


2026-01-27 08:00:00      1      4.83      4.11      5.34     -3.75     -4.23     -3.04      0.85     -0.55      1.68     -2.85     -3.80     -1.31    168.30    156.65    188.11    -38.20    -46.80    -18.53      2.91      2.65      3.90    423.90    420.50    431.50     82666     78421     94014 
2026-01-27 08:30:00      0      5.32      4.71      5.48     -4.55     -4.87     -3.70     -1.16     -2.84      0.24     -2.19     -3.00     -1.00    196.68    176.71    212.59    -24.51    -38.87    -10.60      2.95      1.84      3.51    411.51    398.78    420.04     85815     47473    114938 

2026-01-27 09:00:00      0      5.35      5.05      5.64     -4.91     -5.24     -4.47     -1.43     -1.92      0.04     -1.65     -2.41     -0.73    193.89    179.61    203.17    -18.18    -25.30     -7.85      3.00      1.69      3.69    410.57    394.38    419.81     93003     54548    137269 
2026-01-27 09:30:00      0      5.30      4.99      5.81     -5.20     -5.58     -4.93     -0.73     -1.78      0.58     -0.36     -0.96      1.43    188.70    173.51    198.10     -3.73    -10.60     15.14      3.87      2.67      5.18    410.05    397.68    425.33    125487     66999    196247 
2026-01-27 10:00:00      0      5.50      5.05      5.92     -5.18     -5.43     -4.55     -1.13     -2.01      0.46      1.53      0.67      2.41    192.95    174.26    202.02     15.97      7.07     27.45      4.04      1.84      6.03    420.00    399.77    430.76    125323     54997    167753 
2026-01-27 10:30:00      0      4.92      4.38      6.98     -3.90     -4.62     -1.81      1.89     -2.07      6.69      2.01     -0.84      3.01    152.04    105.12    205.62     25.57     -6.91     35.57      3.70      2.46      8.31    427.57    402.12    445.94     99024     48146    162074 
2026-01-27 11:00:00      0      6.77      3.96      7.80     -4.47     -6.95     -0.98      3.79     -0.50      6.69      1.00     -2.24      3.54    136.19    103.22    184.35     10.85    -19.99     27.94      3.29      1.94     11.13    420.08    404.62    446.08     79071     18812    118629 
2026-01-27 11:30:00      0      6.25      4.76      7.75     -3.92     -6.86     -3.22      3.47     -2.42      5.59     -0.04     -1.76      3.69    155.78    123.32    216.07     -0.33    -16.90     40.53      3.54      2.41      4.43    422.24    395.11    439.80     89426     30526    153832 
2026-01-27 12:00:00      0      7.73      6.20      7.95     -5.22     -5.94     -3.55      5.43      4.79      5.76      1.19     -0.31      2.06    133.28    124.87    139.36      8.64     -2.86     15.33      3.51      1.38      4.29    415.15    382.48    432.15     64018     19770    101524 
2026-01-27 12:30:00      0      7.66      7.45      7.87     -4.81     -5.17     -4.06      5.94      5.70      6.32      0.03     -0.78      1.77    128.69    122.69    131.62      0.23     -6.04     13.62      3.77      2.81      4.73    412.90    387.23    420.20     63088     27096     87669 
2026-01-27 13:00:00      0      7.94      7.48      8.50     -5.74     -6.15     -4.56      5.55      4.90      6.39     -0.85     -1.46      0.94    135.12    127.71    140.32     -6.27    -10.41      7.21      3.85      2.09      5.83    413.01    393.96    425.26     71564     31583    104926 
2026-01-27 13:30:00      0      8.82      8.33      9.29     -6.30     -7.00     -5.34      5.97      5.67      6.48     -1.17     -3.64      0.21    135.99    130.39    139.92     -7.56    -23.84      1.34      4.11      2.05      4.95    413.93    388.97    429.25     73556     35067    139656 
2026-01-27 14:00:00      0      9.02      3.85      9.34     -6.56     -6.86     -0.53      6.04      0.56      7.09      1.23     -3.78      4.58    136.90    124.10    141.13      7.80    -78.50     31.02      3.47      2.64     13.15    415.54    408.53    434.22     77866     56459    107417 
2026-01-27 14:30:00      0      4.88      3.85      6.28      1.38     -0.53      4.62     -2.33     -4.43      0.56     -3.78     -5.28      0.16    325.78     12.23    348.59    -62.58    -84.57      1.82      9.15      6.90     14.48    423.36    409.04    435.11     53514     33685     89515 
2026-01-27 15:00:00      0      6.18      4.56      6.42      4.52      2.55      5.04     -4.10     -4.94     -1.69     -0.57     -4.56      0.84    317.08    305.71    330.14     -5.40    -53.38      7.73      7.14      3.09     20.75    435.70    392.36    447.31     46250     15892     67123 
2026-01-27 15:30:00      0      5.63      5.21      6.07      3.46      2.60      3.88     -2.99     -5.04     -1.82     -3.20     -4.51     -0.96    318.56    300.12    328.08    -34.76    -52.51    -10.60     11.13     10.17     22.00    427.72    392.96    439.39     45092     22114     67008 
2026-01-27 16:00:00      0      6.84      5.34      8.16      4.71      3.07      6.21     -4.64     -6.10     -2.63     -2.13     -3.73      1.38    316.79    305.03    328.56    -16.68    -34.36     12.03      6.31      4.08     12.85    422.04    412.38    441.00     58709     32254     77209 
2026-01-27 16:30:00      0      7.88      7.30      8.25      5.83      5.24      6.33     -5.00     -5.78     -4.49     -1.88     -2.57     -0.41    319.76    312.43    324.11    -13.87    -18.24     -3.02      4.16      3.55      5.56    410.87    404.64    419.79     75688     68792     83852 
2026-01-27 17:00:00      0      7.50      7.19      7.91      5.41      5.07      5.94     -4.81     -5.25     -4.41     -2.11     -2.99     -0.42    318.51    315.71    321.21    -15.51    -22.82     -3.23      5.36      3.40      5.87    412.60    402.36    416.25     71066     63946     82216 
2026-01-27 17:30:00      0      7.25      6.08      7.96      5.48      3.65      6.38     -3.17     -5.19      0.41     -3.39     -4.66      3.70    333.20      4.15    358.89    -28.83    -39.51     37.40      4.36      3.47      5.39    412.97    405.04    420.54     91733     53342    111318 
2026-01-27 18:00:00      0      7.62      7.42      7.94      5.85      5.56      6.13     -4.13     -4.35     -3.83     -2.18     -3.95     -1.32    324.84    323.36    327.98    -17.03    -29.79    -10.17      3.61      3.17      4.21    417.78    415.40    420.24     61352     55092     67893 
2026-01-27 18:30:00      0      7.22      6.39      7.51      5.48      4.48      5.81     -4.12     -4.76     -1.83     -2.22     -4.42     -0.10    323.87    315.52    337.73    -17.59    -42.41     -0.82      4.02      3.38      5.27    415.13    410.42    430.56     74112     59638     99784 
2026-01-27 19:00:00      0      6.17      5.03      6.71      4.44      0.84      4.96     -4.31     -5.05     -1.24     -0.48     -3.89      3.70    317.51    279.86    337.13     -4.39    -50.63     37.20      4.90      4.08      6.31    443.85    428.23    453.88    100049     85808    140384 
2026-01-27 19:30:00      0      6.23      3.48      6.53      3.90      2.66      4.48     -4.62     -5.25     -2.24      0.48     -1.91      2.85    310.67    302.54    319.81      4.31    -18.25     26.80      5.26      4.05      6.95    449.35    420.42    466.00    126500     73333    182807 
2026-01-27 20:00:00      0      5.81      5.53      6.06      4.33      3.47      4.59     -3.49     -4.01     -2.94     -0.43     -3.59      3.43    320.26    313.86    324.63     -4.45    -37.35     36.61      5.42      2.97      6.12    448.53    411.79    462.13    123347     54156    174171 
2026-01-27 20:30:00      0      6.36      5.57      6.74      5.12      4.50      5.47     -3.56     -4.41     -2.60      0.05     -1.43      2.22    325.09    315.56    332.97      0.44    -14.24     19.39      4.73      2.91      5.81    460.04    419.38    480.66    139830     67402    204698 
2026-01-27 21:00:00      0      6.27      5.65      6.59      5.07      3.78      5.60     -2.87     -3.75     -2.13     -1.01     -4.46      3.08    329.43    324.03    334.88     -9.64    -45.02     27.87      4.21      3.46      5.13    457.70    427.30    477.30    129641     75353    171717 
2026-01-27 21:30:00      0      6.30      5.97      6.79      4.45      3.33      5.07     -2.87     -3.90     -2.08     -3.32     -4.90     -2.00    326.95    322.21    335.88    -31.74    -50.64    -17.79      3.79      2.21      9.76    469.08    435.82    485.28    108127     48519    182233 
2026-01-27 22:00:00      0      6.29      5.85      6.56      4.07      3.08      5.14     -3.73     -4.09     -2.56     -3.13     -3.95     -1.71    319.02    309.45    333.49    -28.89    -41.78    -16.62      3.92      2.42      5.89    467.00    428.75    502.88     96517     40889    296144 
2026-01-27 22:30:00      0      5.63      5.38      6.09      4.94      2.79      5.66     -2.08     -2.81      0.16     -1.81     -4.00      2.69    340.02      1.77    358.66    -18.11    -47.70     28.57      3.87      3.15      4.70    467.45    442.60    475.69    139118     79744    179345 
2026-01-27 23:00:00      0      5.22      5.00      5.98      5.13      4.52      5.30      0.06     -1.15      1.42      0.33     -2.09      2.81      0.83      0.21    359.98      3.56    -24.68     28.07      3.69      3.21      4.07    468.46    465.89    476.70    163436    130287    181589 
2026-01-27 23:30:00      0      5.41      4.94      5.50      5.06      4.05      5.42     -0.17     -0.77      0.39     -1.90     -2.85     -0.86    357.61      0.08    359.51    -20.55    -34.67     -9.15      4.10      3.65      4.59    460.51    457.34    463.13    115816    103004    138492 
2026-01-28 00:00:00      0      5.37      5.08      5.80      5.23      4.85      5.54      0.07     -0.73      2.07     -1.10     -2.00     -0.24      4.03      0.28    358.37    -11.44    -20.38     -2.54      4.79      4.14      5.38    452.24    448.12    460.82    108367     87346    147845 
2026-01-28 00:30:00      0      5.72      5.63      5.85      5.56      5.33      5.70      0.27     -0.25      0.79     -1.33     -1.94     -1.09      2.10      0.28    359.77    -13.27    -19.78    -11.08      4.75      4.49      5.29    447.76    446.36    450.37     98608     88490    105094 
2026-01-28 01:00:00      0      5.89      5.61      6.16      5.64      5.03      5.85      0.64     -0.38      2.58     -1.32     -1.74     -1.05     10.60      1.72    356.25    -12.92    -17.14    -10.43      4.83      3.63      5.17    449.18    446.29    456.06     85625     79554    125747 
2026-01-28 01:30:00      0      6.05      5.59      6.18      5.50      4.86      5.79      1.66      0.52      3.14     -1.64     -2.05     -1.26     18.41      5.46     32.86    -15.65    -20.06    -12.14      4.33      3.70      4.91    454.71    446.63    466.95    116474     93982    164775 
2026-01-28 02:00:00      0      6.66      5.55      7.03      5.23      0.72      5.95      2.55     -0.37      6.54     -2.40     -3.10     -0.59     31.83      3.81    356.26    -20.35    -26.50     -5.13      4.19      3.36      4.71    466.30    456.08    496.69    114058     76060    169769 
2026-01-28 02:30:00      0      7.09      6.68      7.21      6.43      4.79      6.84      1.59     -1.80      4.67     -2.55     -3.61     -1.27     11.60      1.07    358.73    -21.19    -30.50    -10.25      4.16      3.71      4.64    461.46    454.93    472.49    125080     92198    144679 
2026-01-28 03:00:00      0      6.82      6.68      7.35      6.39      4.46      6.75      1.89      0.09      5.16     -1.58     -2.68     -0.93     16.50      0.79     49.00    -13.18    -21.70     -7.82      4.19      3.44      4.58    463.35    456.14    470.09    126802     76669    149777 
2026-01-28 03:30:00      0      6.98      6.76      7.22      6.60      5.55      7.09      1.53     -1.02      2.92     -1.70     -3.20     -0.90      9.85      0.60    357.84    -13.99    -27.71     -7.34      4.20      3.56      4.83    474.55    467.61    491.62    118038    110303    163846 
2026-01-28 04:00:00      0      7.34      6.99      7.95      7.18      6.79      7.75      0.07     -0.44      0.99     -1.59     -2.05     -1.19      1.28      0.05    359.85    -12.41    -16.68     -9.37      4.61      4.16      4.89    469.08    466.33    473.57    100754     83495    137035 
2026-01-28 04:30:00      0      7.18      6.92      7.67      6.93      6.03      7.47      0.26     -1.94      3.06     -1.67     -2.90     -0.93      3.29      0.02    359.77    -12.82    -24.63     -7.25      5.23      4.70      5.96    472.70    463.72    478.50    126392     83296    136506 
2026-01-28 05:00:00      0      7.85      7.10      8.14      7.01      5.65      7.32     -2.89     -4.37      4.47     -2.00     -2.56     -0.96    345.25     22.27    346.95    -14.58    -18.75     -7.57      5.03      4.05      5.90    461.77    458.56    482.47     91929     79924    123530 
2026-01-28 05:30:00      0      7.91      6.44      8.12      6.55      3.87      7.12     -3.43     -6.05     -2.87     -2.32     -3.50     -0.02    330.26    302.63    337.68    -16.87    -25.52     -0.19      4.97      3.66      5.40    461.14    456.50    477.27     88230     69106    136596 
2026-01-28 06:00:00      0      6.42      5.93      6.88      6.12      4.59      6.56     -1.86     -4.38      0.08     -0.85     -1.85      0.57    341.62      0.74    355.21     -7.95    -16.10      5.49      5.69      5.13      6.10    466.23    460.86    472.77    139115    112214    172322 
2026-01-28 06:30:00      0      6.23      5.95      6.92      4.48      3.96      5.35     -4.17     -4.62     -3.37      0.72     -0.38      3.07    318.27    310.58    325.64      6.68     -3.48     26.33      5.21      4.52      5.74    469.33    462.13    479.37    142365    115788    168810 
2026-01-28 07:00:00      0      8.49      7.90      8.53      5.65      5.08      6.48     -5.01     -5.53     -4.55      3.43     -2.82      4.26    318.48    314.94    323.70     23.85    -19.34     31.93      3.51      3.03      3.99    499.37    492.53    520.17    183596    138314    224084 
2026-01-28 07:30:00      0    -99999    -99999    -99999    -99999    -99999    -99999    -99999    -99999    -99999    -99999    -99999    -99999    -99999    -99999    -99999    -99999    -99999    -99999    -99999    -99999    -99999    -99999    -99999    -99999    -99999    -99999    -99999 
2026-01-28 08:00:00      0      9.28      8.42     10.04      7.48      6.48      8.22     -4.84     -5.88     -4.25     -2.42     -4.30     -0.93    326.80    319.67    332.04    -15.35    -25.35     -6.25      1.91      0.54      3.45    519.57    500.68    550.79    201557    153165    347131 
2026-01-28 08:30:00      0      9.80      9.35     10.28      7.86      6.51      8.51     -4.60     -5.67     -3.28      2.18     -5.32      5.21    328.89    321.42    337.79     13.47    -31.46     32.73      0.69      0.52      3.17    540.99    500.68    591.85    256741    146889    443976 
2026-01-28 09:00:00      0      9.43      9.30      9.86      7.51      6.76      7.94     -5.03     -6.29     -4.48     -2.57     -3.79      2.22    325.69    317.06    328.85    -15.76    -23.57     13.00      0.83      0.59      1.22    602.35    545.67    653.28    449356    192358    864690 
2026-01-28 09:30:00      0      9.58      8.98      9.85      7.80      6.45      8.21     -5.29     -5.82     -3.72      1.12     -4.93      3.84    325.82    317.95    335.46      6.52    -31.83     23.85      0.68      0.15      0.89    600.35    495.03    633.87    524901    102313    817851 
2026-01-28 10:00:00      0     10.63      9.15     11.15      6.30      1.41      7.83     -5.54     -7.00     -3.00      6.32      1.40     10.53    314.71    287.22    325.19     36.31      8.78     71.07      0.22      0.10      0.52    584.83    531.37    768.19    336911     98923   1673409 
2026-01-28 10:30:00      0     10.53      9.45     11.01      7.05      3.47      8.55     -6.33     -7.97     -4.34     -3.57     -9.50      5.37    316.31    303.12    324.83    -19.95    -59.69     30.36      0.53      0.14      1.03    593.72    495.69    670.52    444646    106859   1229211 
2026-01-28 11:00:00      0     10.86     10.46     11.46      6.03      2.60      8.40     -5.44     -9.21     -4.23     -6.83     -9.77     -0.54    314.36    297.73    332.99    -38.09    -60.45     -2.74      0.88      0.15      1.37    616.26    505.45    667.31    428911    109958    557950 
2026-01-28 11:30:00      0     10.61      8.20     10.93      6.23      3.66      8.71     -5.96     -9.61     -3.13     -4.77     -9.00      7.33    316.33    295.91    335.85    -30.27    -57.31     43.37      0.65      0.10      1.13    591.69    496.95    650.86    358296     67965    782112 
2026-01-28 12:00:00      0     11.10     10.80     11.63      7.97      4.01     10.04     -3.84     -5.70     -1.40      6.94      3.17     10.70    335.98    326.43    349.60     38.10     16.98     66.94      0.15      0.10      0.26    563.11    512.41    650.73    374580    141922   1123191 
2026-01-28 12:30:00      0     10.72     10.05     10.98      8.59      6.83      9.38     -5.85     -8.45     -4.06      0.56     -3.44      4.70    323.97    308.94    336.06      3.08    -18.26     25.85      0.42      0.11      0.85    563.11    502.93    587.66    274700    130008    429041 
2026-01-28 13:00:00      0     11.13      9.74     11.85      8.20      3.49      9.92     -5.52     -8.39     -1.87     -0.51    -10.84      1.95    325.60    309.45    339.36     -2.65    -66.20      9.86      0.47      0.12      1.46    572.78    523.66    626.31    268820    102623    555571 
2026-01-28 13:30:00      0     11.52     10.92     11.95      3.17     -1.05      7.71     -4.23     -7.28     -0.82     -9.75    -11.59     -6.50    306.37    218.15    343.40    -59.23    -83.37    -35.40      1.58      1.12      2.15    630.53    579.66    670.58    408471    265253    505258 
2026-01-28 14:00:00      0     11.00     10.56     11.81      7.26      2.93      8.60     -5.98     -9.39     -3.21     -5.46    -10.49      2.29    317.46    296.69    335.62    -30.07    -62.63     12.06      1.24      0.15      1.66    584.29    507.53    629.03    268566     95950    387469 
2026-01-28 14:30:00      0     10.95     10.33     11.41      7.27      5.37     10.69     -6.58     -9.06     -1.90     -1.40     -6.34      5.04    321.16    300.99    349.92     -7.36    -35.88     26.21      0.76      0.20      1.44    568.04    484.01    634.89    294035    101455    522463 
2026-01-28 15:00:00      0     11.61      7.83     12.39      5.28      0.74      8.14     -6.53     -9.76     -1.94     -7.37    -12.17      6.79    306.78    285.97    335.34    -40.75    -80.34     36.79      1.52      0.10      9.55    575.89    477.33    638.58    263040     29940    534654 
2026-01-28 15:30:00      0     11.94     10.78     12.40      6.43      2.08     10.44     -7.69    -10.39      0.23     -5.49    -10.32      7.61    314.67      1.77    354.94    -27.55    -57.60     39.32      1.13      0.10      1.88    545.82    455.68    585.56    227144     23380    703778 
2026-01-28 16:00:00      0     11.69      8.64     12.57      3.14     -2.07      8.65    -10.53    -12.06     -0.66      1.69     -9.10      7.69    295.11    258.01    354.79      8.31    -51.04     37.74      1.20      0.43      2.13    551.21    504.36    614.96    393939    146726    772524 
2026-01-28 16:30:00      0     10.67      8.30     13.37      5.41      0.27      8.16     -7.29     -9.89     -1.40      4.33     -5.78      9.85    308.12    271.58    342.27     23.93    -35.89     62.60      1.18      0.15      1.91    557.14    448.93    601.58    390023     81804   1050958 
2026-01-28 17:00:00      0     12.88     11.08     13.58      3.70      1.66     10.24     -9.44    -10.77     -2.43      7.76     -5.47     11.71    295.44    280.74    346.63     37.52    -27.47     63.05      0.81      0.10      2.51    566.95    485.81    643.76    300457     61345    493239 
2026-01-28 17:30:00      0     11.61     10.46     12.37      5.01      1.75      8.86     -8.37    -10.95      4.22     -3.02    -11.52      8.48    312.73     20.86    345.68    -14.15    -71.44     45.68      1.59      0.39      3.60    564.90    470.26    602.81    287062     68285    526721 
2026-01-28 18:00:00      0     10.62      9.30     12.38      3.95      1.67      7.57     -6.66     -9.34      0.71      6.63      1.84     11.23    307.86      2.78    345.18     36.97     10.26     80.36      0.59      0.11      1.61    564.89    500.81    669.45    327362     52866    735665 
2026-01-28 18:30:00      0      7.61      5.85     10.97      2.96     -2.23      5.10     -4.74     -9.79      0.11     -1.78     -7.90      6.48    304.52    176.55    351.02    -13.04    -76.77     50.39      1.51      0.10      2.65    608.46    494.76    705.22    381403     38519    548583 
2026-01-28 19:00:00      0      7.22      5.41      8.32      3.44      1.14      5.14     -2.92     -5.63     -0.65     -4.72     -7.73      6.78    319.13    296.61    348.47    -42.39    -80.19     57.21      1.40      0.85      3.56    612.52    552.87    631.59    340315    155903    539508 
2026-01-28 19:30:00      0      7.56      2.71      8.50      1.43     -2.25      3.64     -0.89     -2.64      6.12     -1.52     -7.62      8.14    347.87      1.31    347.87    -25.63    -78.39     84.41      1.32      0.27      1.81    636.38    577.49    706.22    396077    145657    559358 
2026-01-28 20:00:00      0      7.20      6.38      8.69      3.65     -3.14      6.04      1.69     -1.22      5.13     -3.26     -6.72      8.46     35.90      8.56    350.24    -26.86    -68.31     79.97      1.51      0.10      3.38    617.74    503.48    714.18    318881     45148    694042 
2026-01-28 20:30:00      0      6.62      5.34      7.53      5.16      2.99      6.06     -1.75     -5.64      4.58     -2.79     -6.17      1.46    342.52      1.10    358.18    -26.82    -61.18     12.74      1.70      0.76      3.80    596.70    546.01    623.37    363479    176499    609266 
2026-01-28 21:00:00      0      7.35      6.39      7.89      5.52      3.55      7.17      0.15     -4.32      2.86     -4.36     -6.04     -1.52    359.72      1.53    359.93    -37.30    -53.24    -11.93      1.63      0.81      2.79    592.20    555.67    624.24    283565    110768    374931 
2026-01-28 21:30:00      0      7.93      7.35      8.48      6.46      4.24      8.07      0.48     -2.01      4.94      1.13     -6.47      5.67      4.08      1.18    358.73      8.05    -55.60     49.98      1.35      0.10      2.11    592.75    517.35    634.89    283273     99625    752934 
2026-01-28 22:00:00      0      7.83      3.69      8.31      3.67      1.64      6.25      2.18     -1.37      5.27     -5.67     -8.03      2.57     23.93      4.09    359.16    -49.25    -75.00     23.71      1.47      0.36      2.52    624.15    602.48    676.24    308564    182581    418373 
2026-01-28 22:30:00      0      7.38      6.85      8.03      5.99      5.27      6.66      1.80     -0.39      3.01     -3.90     -5.29     -2.00     14.50      2.75    360.00    -33.28    -41.19    -15.47      1.36      0.23      1.57    617.73    533.36    624.46    270123     73487    405120 
2026-01-28 23:00:00      0      6.30      5.94      7.31      5.61      3.26      6.24     -0.05     -3.80      2.27     -3.09     -4.82      2.77    354.54      1.64    359.55    -30.78    -50.93     26.16      1.32      0.53      1.67    622.11    587.89    631.09    360009    189506    464239 
2026-01-28 23:30:00      0      6.43      6.07      7.42      5.19      0.31      6.16     -0.68     -6.43      3.24      3.13      0.80      7.34    346.30      0.48    359.42     27.56      6.98     81.53      0.46      0.19      1.41    617.72    565.74    694.40    332810    112553    923474 
2026-01-29 00:00:00      0      5.81      5.36      7.39      4.26     -1.06      5.84     -0.67     -4.35      3.34      0.25     -2.86      7.33    348.78      0.63    358.03      2.67    -29.87     86.07      0.82      0.10      1.62    630.36    503.80    701.60    418440     22625    610787 
2026-01-29 00:30:00      0      5.74      4.80      6.21      3.99      0.99      5.78      0.71     -1.60      5.12     -2.18     -5.79      3.24     21.57      5.25    359.74    -23.08    -76.23     35.08      1.24      0.48      1.60    649.16    623.26    674.24    446719    310614    598818 
2026-01-29 01:00:00      0      5.48      4.86      6.04      4.38      3.39      5.41     -1.20     -4.07      2.54      1.46     -3.41      4.52    347.63      2.73    359.55     15.40    -39.27     48.49      0.99      0.15      1.47    637.98    550.83    682.49    474880    100506    735442 
2026-01-29 01:30:00      0      5.53      4.01      6.52      1.82     -2.49      5.33     -4.29     -6.34      1.65      1.66     -3.60      5.15    311.61      0.01    356.63     16.33    -39.80     63.30      1.10      0.21      1.45    661.12    560.42    706.83    425758    134699    662357 
2026-01-29 02:00:00      0      5.88      5.21      6.26      3.63      0.02      5.44     -3.46     -5.48     -1.82      0.11     -4.07      5.06    316.42    270.30    338.76      1.04    -42.20     53.92      1.20      0.17      1.40    636.69    571.55    679.29    417382    197678    556580 
2026-01-29 02:30:00      0      6.04      1.68      7.40      1.18     -1.57      4.16      2.51     -2.90      5.77      1.60     -5.62      6.87     54.17     17.56    327.86     15.50    -66.86     77.10      0.73      0.19      1.48    662.66    643.61    731.62    451171    314530    734392 
2026-01-29 03:00:00      0      5.70      4.00      6.58      4.40     -0.74      5.58      2.61     -3.40      5.53      0.86     -2.36      5.66     36.28     15.23    352.57      9.43    -26.03     60.37      0.92      0.19      1.24    635.86    570.23    709.67    429449    149343    685731 
2026-01-29 03:30:00      0      5.92      2.39      6.52      3.37      1.07      5.35      3.42     -0.58      5.82      2.67     -1.74      4.60     37.76      4.45    347.76     31.41    -16.56     59.51      0.59      0.14      1.30    645.50    552.18    680.65    363445     75529    832578 
2026-01-29 04:00:00      0      6.49      1.56      7.41     -1.14     -6.33      3.55      1.71     -3.01      3.06      4.13      1.18      6.46    112.15     63.19    357.00     58.11     22.90     75.94      0.27      0.10      1.18    696.59    525.58    764.83    523610     49142    705880 
2026-01-29 04:30:00      0      6.56      5.74      7.25      0.12     -2.78      3.77     -2.95     -6.20      1.92      5.63      1.65      6.71    281.59      4.32    314.88     61.36     14.36     82.26      0.61      0.16      1.29    679.22    601.26    715.55    422439    296458    621145 
2026-01-29 05:00:00      0      6.37      5.80      6.77      0.67     -2.12      4.24      3.01      0.48      5.36      5.46      1.93      6.59     83.43     40.91    157.03     56.74     18.67     80.37      0.22      0.11      0.79    680.09    634.76    705.36    423929    340447    576100 
2026-01-29 05:30:00      0      5.83      4.88      6.89      3.17     -0.44      4.95     -1.66     -4.50      4.10      3.61     -2.95      6.61    349.07      3.43    359.70     34.91    -31.26     76.51      0.52      0.10      1.06    635.67    537.37    696.12    379439     67161    699598 
2026-01-29 06:00:00      0      5.40      2.61      7.39      2.25     -0.90      4.63     -1.33     -3.91      4.23     -3.00     -6.24      7.04    345.75     15.68    359.81    -35.57    -82.28     77.35      0.81      0.10      1.07    644.10    535.07    702.56    444027     71004    673356 
2026-01-29 06:30:00      0      7.15      5.90      7.61      0.10     -4.10      3.75      0.91     -3.14      3.61      6.83      4.68      7.40     68.56     32.84    344.28     72.07     46.68     88.90      0.17      0.10      0.97    686.81    589.98    768.41    313631    101157    437652 
2026-01-29 07:00:00      0      6.58      6.13      7.06      2.11      1.58      2.95     -2.33     -5.24      0.41      5.57     -2.76      6.66    320.55     10.20    338.75     57.21    -26.74     70.66      0.77      0.52      0.81    649.28    626.63    668.03    295005    274422    394764 
2026-01-29 07:30:00      0    -99999    -99999    -99999    -99999    -99999    -99999    -99999    -99999    -99999    -99999    -99999    -99999    -99999    -99999    -99999    -99999    -99999    -99999    -99999    -99999    -99999    -99999    -99999    -99999    -99999    -99999    -99999 
2026-01-29 08:00:00      0      6.13      3.64      6.79      0.95     -1.06      4.01     -4.71     -5.62      0.99     -1.75     -6.76      5.07    290.21    108.94    354.15    -25.17    -87.57     56.26      0.77      0.10      1.11    663.50    547.98    733.43    366147     48638    661508 
2026-01-29 08:30:00      0      5.77      5.39      6.14      2.03      0.00      4.49     -3.87     -5.25     -2.66     -3.62     -5.18      4.09    298.96    270.03    328.24    -38.02    -58.55     45.24      0.74      0.39      1.41    646.30    606.98    694.35    301645    199966    506430 
2026-01-29 09:00:00      0      5.38      3.64      6.15      4.28      0.36      5.90     -1.66     -4.31      1.35     -2.00     -4.15      5.01    336.16      0.28    359.80    -22.20    -46.05     72.55      0.76      0.46      1.61    638.41    609.94    673.42    303320    161059    502589 
2026-01-29 09:30:00      0      5.41      4.72      6.14      5.15      3.25      6.11     -1.32     -3.75      1.26      0.06     -1.73      2.07    347.39      4.94    359.47      0.62    -18.75     22.19      0.68      0.41      0.93    639.59    616.47    667.98    323672    104386    465873 
2026-01-29 10:00:00      0      5.64      5.31      6.42      2.31     -0.72      4.89     -2.99     -4.54      0.40      2.18     -5.96      3.63    307.54      4.66    352.81     23.84    -68.15     37.41      0.61      0.37      1.25    667.79    616.91    736.47    324208    147949    431459 
2026-01-29 10:30:00      0      5.56      4.66      6.13      1.17     -2.22      4.91     -3.87     -5.92     -0.38     -1.37     -5.45      3.54    292.17    247.65    335.18    -13.29    -85.59     41.50      0.63      0.10      1.40    675.10    615.52    750.35    328460     58084    543680 
2026-01-29 11:00:00      0      5.41      4.91      6.15      2.01     -2.60      3.25     -4.51     -5.78      0.16      0.03     -2.44      5.10    294.39      3.67    347.93      0.28    -28.63     63.51      0.66      0.10      1.85    671.58    601.76    770.25    301341    153139    592111 
2026-01-29 11:30:00      0      5.32      4.86      5.73      4.07      1.82      4.70     -0.30     -1.91      2.16      3.17      0.43      4.70    357.88      3.01    358.90     36.78      5.02     59.01      0.44      0.10      0.88    648.25    593.31    700.56    407008    160090    567345 
2026-01-29 12:00:00      0      4.90      4.73      5.62      3.78      2.86      4.83     -1.35     -2.64      2.38     -1.67     -3.41      4.26    342.87      3.46    356.21    -20.23    -43.76     49.32      0.68      0.37      1.20    657.06    624.34    686.83    262581    149288    469507 
2026-01-29 12:30:00      0      4.99      4.43      5.18      3.38      2.13      4.60     -1.35     -2.51      0.56     -2.95     -4.69      2.87    341.07      9.30    356.30    -35.97    -65.32     35.16      0.76      0.48      1.71    663.77    629.30    711.10    234185    130083    502460 
2026-01-29 13:00:00      0      5.25      4.30      5.80      2.25     -0.29      4.82     -1.79     -4.23      0.43     -3.91     -5.25      1.78    319.89      2.17    353.51    -44.68    -70.32     21.21      0.74      0.34      1.31    682.82    632.15    722.80    286178    141614    500445 
2026-01-29 13:30:00      0      5.56      4.31      6.20      0.74     -1.95      4.40     -4.45     -5.65      0.23     -2.64     -4.80      3.45    287.48      3.02    343.49    -28.13    -59.45     49.56      0.72      0.33      1.08    709.74    665.91    781.19    353738    183019    626777 
2026-01-29 14:00:00      0      5.01      3.66      5.88      2.84     -2.62      4.34     -0.74     -4.63      2.46     -3.47     -5.03     -1.20    339.33      5.05    356.89    -43.75    -71.36    -14.92      0.70      0.59      0.89    677.72    657.53    741.12    271481    204749    491159 
2026-01-29 14:30:00      0      6.00      5.08      6.14     -0.50     -2.03      4.41     -3.55     -4.11     -0.55     -4.61     -4.94     -2.45    271.69    243.68    352.95    -48.62    -55.40    -28.92      0.70      0.60      0.90    708.03    657.59    750.87    287676    135381    425008 
2026-01-29 15:00:00      0      5.44      5.06      5.77      3.30      0.76      4.49     -2.29     -4.44      0.70     -3.44     -5.25      0.95    328.35      3.23    356.70    -40.36    -71.69      9.80      0.79      0.39      1.37    670.82    623.45    710.45    248570    112119    383581 
2026-01-29 15:30:00      0      5.50      5.17      5.77      2.59      0.84      3.50     -2.72     -3.67     -1.20     -4.02     -4.78     -2.88    315.09    284.63    339.41    -46.11    -59.90    -33.55      0.77      0.50      1.36    669.19    631.72    708.52    253668    111732    399229 
2026-01-29 16:00:00      0      5.25      4.31      5.87      3.30      1.57      4.54      0.56     -3.29      3.48     -3.98     -4.98      1.01      1.08      0.81    357.64    -47.48    -64.02     11.82      0.84      0.30      1.97    674.17    621.63    700.12    247858     96244    327440 
2026-01-29 16:30:00      0      4.88      3.71      5.51      3.53      0.25      4.97     -0.22     -2.73      2.76     -0.57     -5.16      3.70    356.67     11.47    357.55     -7.50    -75.50     48.80      0.55      0.10      1.45    672.84    601.38    722.47    273271    101025    585976 
2026-01-29 17:00:00      0      5.00      4.79      5.24      3.14      0.62      3.85     -1.17     -2.85     -0.07     -3.59     -5.15     -0.09    334.29    312.37    358.25    -46.07    -80.82     -1.09      0.79      0.41      1.53    668.51    635.81    722.94    167766     82456    278888 
2026-01-29 17:30:00      0      5.00      4.56      5.36      2.69      0.79      4.23     -2.56     -3.90     -0.38     -3.03     -4.92      2.29    315.95    288.11    354.83    -36.93    -68.61     28.30      0.70      0.35      2.06    664.73    622.68    713.44    154853     68294    291102 
2026-01-29 18:00:00      0      4.98      4.48      5.50      2.09     -0.15      4.19     -1.57     -2.99      1.21     -4.19     -5.37     -1.26    333.92      2.77    352.03    -59.03    -77.25    -15.54      0.70      0.20      1.85    673.26    613.82    727.35    178498     64521    394499 
2026-01-29 18:30:00      0      4.68      3.77      4.99      2.93      1.30      3.94     -2.93     -4.28     -0.81     -0.13     -3.66      2.20    313.09    286.83    333.91     -1.64    -63.52     27.66      0.73      0.48      1.38    664.16    631.46    701.98    182530     73414    323508 
2026-01-29 19:00:00      0      4.33      3.64      4.77      2.04     -0.32      3.74     -2.04     -3.78      2.45     -2.38     -4.58      3.34    330.58     14.51    356.34    -34.57    -74.64     44.42      0.64      0.32      1.25    677.40    643.50    723.12    225329     91060    362470 
2026-01-29 19:30:00      0      4.55      4.01      4.80      2.11      0.38      2.87     -3.55     -4.44     -0.80      1.33     -3.56      4.56    302.28    277.78    332.44     17.14    -51.83     71.72      0.57      0.10      1.93    685.63    589.31    734.57    203874     38873    348561 
2026-01-29 20:00:00      0      4.38      2.62      5.14      2.28     -1.42      3.08     -1.76     -4.13      3.18      2.20     -3.53      4.63    328.29      2.98    358.76     30.07    -58.46     80.10      0.39      0.10      0.94    686.84    624.39    744.96    241701     75874    452761 
2026-01-29 20:30:00      0      3.82      2.54      5.11      2.43     -1.75      3.75     -0.69     -3.17      4.05     -1.83     -3.19      1.74    358.39     41.06    354.80    -26.70    -52.11     24.78      0.76      0.29      1.59    672.58    633.15    768.40    220419    143037    341032 
2026-01-29 21:00:00      0      4.06      3.77      4.77      2.57      0.52      3.88      1.51     -2.02      2.66     -2.69     -4.38      0.54     30.26      4.05    359.32    -42.82    -68.94      7.74      0.80      0.50      1.68    679.74    656.86    722.38    216443    156253    311087 
2026-01-29 21:30:00      0      4.06      2.74      4.47      1.78      0.54      3.42     -0.53     -3.79      3.80     -2.94     -4.12     -0.67    350.32      2.28    342.45    -46.54    -72.70    -10.55      0.82      0.56      1.14    672.53    641.71    733.86    198260     93925    363994 
2026-01-29 22:00:00      0      4.03      2.77      4.63      2.06      0.14      3.41      1.20     -3.55      3.35     -2.06     -3.31      3.08      8.27     11.28    337.35    -30.57    -53.80     41.73      0.68      0.41      0.98    675.30    643.80    707.35    208934    163773    303006 
2026-01-29 22:30:00      0      3.87      3.63      4.02      2.99      1.51      3.73      0.20     -2.24      3.16     -1.73     -3.52     -0.71      7.37      1.38    357.62    -25.90    -62.95    -10.23      0.70      0.59      0.83    646.66    637.16    671.95    182351    161205    226581 
2026-01-29 23:00:00      0      3.89      3.22      4.13      1.68     -1.32      2.97      1.10     -3.15      3.81     -1.57     -3.83      2.33     27.47     46.37    321.26    -22.39    -82.02     35.77      0.39      0.23      0.69    651.72    602.81    705.94    224087    130673    345713 
2026-01-29 23:30:00      0      4.00      3.84      4.20      2.97      2.19      3.30     -2.74     -3.34     -1.95      0.37     -0.30      0.87    317.94    303.27    329.17      5.16     -4.34     12.43      0.47      0.38      0.58    599.34    596.19    618.93    145311     84977    196658 
2026-01-30 00:00:00      0      4.17      3.95      4.33      2.52      2.30      2.76     -3.25     -3.63     -2.91      0.29      0.11      0.70    307.63    302.37    312.08      3.94      1.47      9.98      0.51      0.42      0.62    599.19    589.10    608.65    102009     90575    117304 
2026-01-30 00:30:00      0      4.09      3.98      4.45      2.05      0.32      2.38     -3.48     -4.29     -3.14      0.61      0.19      1.13    298.93    274.23    307.12      8.54      2.63     15.06      0.59      0.44      0.76    591.71    577.51    605.65    105603     83788    120174 
2026-01-30 01:00:00      0      3.52      3.23      4.06      1.45     -0.04      3.11     -3.08     -4.02     -0.18     -0.26     -1.55      0.99    302.60    269.49    356.47     -3.98    -26.91     15.07      0.83      0.51      1.19    589.36    575.65    615.89    166592    132928    219885 
2026-01-30 01:30:00      0      3.03      2.53      3.42      2.65      1.28      3.14     -0.60     -3.00      1.37      0.76     -1.52      2.84    351.37      0.35    350.89     15.28    -29.68     59.03      0.92      0.67      1.10    583.50    563.78    595.69    253301     94109    296399 
2026-01-30 02:00:00      0      2.85      2.45      3.78      2.23      1.19      2.89     -0.88     -3.36      0.58     -0.52     -2.82      0.78    334.00      3.27    359.84    -10.56    -57.09     15.49      0.93      0.54      1.10    581.09    551.83    594.78    238640     46631    289266 
2026-01-30 02:30:00      0      3.82      2.77      4.29      0.50     -2.25      1.85     -3.35     -3.90     -0.91     -1.71     -3.41      3.26    279.99    238.10    333.80    -26.65    -66.70     51.78      0.83      0.35      1.15    596.05    576.09    625.77    148022    115850    200437 
2026-01-30 03:00:00      0      3.70      3.10      4.38      1.28     -1.13      2.27     -3.29     -4.23     -1.47     -0.80     -2.40      1.43    289.37    255.04    320.57    -12.81    -41.82     21.41      0.85      0.34      1.12    585.47    573.66    624.14    167840    120843    244388 
2026-01-30 03:30:00      0      3.52      3.20      4.21      1.82     -1.58      2.76     -1.82     -2.80      0.81     -2.72     -3.69     -0.57    311.79      1.51    358.30    -49.44    -63.80     -8.93      0.82      0.67      1.02    578.72    570.75    627.74    191918    161658    239573 
2026-01-30 04:00:00      0      3.33      2.93      3.74      2.49     -0.98      3.22     -1.34     -3.03      1.31     -0.92     -3.60      0.41    339.73      1.57    359.25    -16.36    -85.52      6.97      0.94      0.70      1.12    572.83    561.15    615.37    201518    161297    255432 
2026-01-30 04:30:00      0      3.64      3.15      4.00      1.10     -0.02      2.36     -2.83     -3.63     -0.31     -1.77     -3.59     -0.51    295.04    269.71    343.85    -29.24    -84.77     -8.73      1.00      0.73      1.19    580.19    563.21    597.91    180540    131099    214797 
2026-01-30 05:00:00      0      3.48      2.92      4.26      1.25     -2.57      2.71     -3.07     -3.62     -1.58      0.08     -2.26      1.50    285.96    230.15    329.85      1.25    -48.07     21.57      0.90      0.59      1.05    571.81    555.40    638.48    179687    150110    213140 
2026-01-30 05:30:00      0      4.25      2.55      4.51     -1.79     -2.73      0.45     -3.71     -4.22     -2.20     -0.01     -1.27      1.33    246.48    229.90    281.55     -0.16    -21.62     28.47      1.03      0.82      1.34    605.32    582.57    634.71    139539    130578    199400 
2026-01-30 06:00:00      0      3.68      2.51      4.11      0.15     -0.87      1.34     -3.44     -3.72     -1.86     -0.83     -1.61      2.77    275.37    253.33    302.41    -13.15    -25.98     46.27      1.19      0.56      1.49    578.48    562.32    591.71    141855    114701    216066 
2026-01-30 06:30:00      0      4.31      3.60      4.68     -1.18     -2.39      0.26     -3.87     -4.40     -2.99     -1.01     -2.24      2.58    255.41    233.61    274.61    -14.63    -29.45     40.79      1.25      0.90      1.68    590.36    574.98    611.56    136456    122605    179788 
2026-01-30 07:00:00      0      4.20      3.36      4.38     -1.88     -2.43      3.33     -2.63     -3.23      0.43     -2.27     -2.80      0.12    245.61      7.31    264.76    -32.82    -40.93      1.99      1.27      1.17      3.07    603.66    549.14    612.36    133196     89110    193542 

2026-01-30 07:30:00      1      3.76      2.88      3.92      3.31      1.90      3.64     -1.08     -2.25      0.03      1.10     -0.80      2.13    339.52      0.55    351.63     18.46    -15.23     36.64      4.37      3.88      8.83    527.90    516.80    530.70    106193     96587    489327 
2026-01-30 08:00:00      1      3.57      2.96      4.04      2.61     -0.35      3.52     -1.80     -3.35     -0.88      1.38     -1.74      2.76    317.47    262.72    345.28     23.69    -33.52     43.01      5.59      4.66     11.92    526.50    517.70    555.50    195442    108180    578279 
2026-01-30 08:30:00      0      3.26      2.09      3.59      0.33     -2.39      1.85     -2.50     -3.37     -1.66      0.26     -1.95      1.45    272.90    215.09    308.14      4.79    -42.75     26.66      1.17      1.00      1.32    555.96    541.53    589.26    147710    100157    214009 

2026-01-30 09:00:00      0      3.44      3.16      3.99      0.19     -1.02      0.95     -3.16     -3.44     -2.07      0.04     -2.60      2.35    273.20    251.55    285.79      0.67    -51.43     35.96      1.07      0.87      1.40    557.88    549.17    569.81    124589    100477    148671 
2026-01-30 09:30:00      0      3.08      2.60      3.41      1.03      0.20      2.00     -2.48     -3.29     -1.49     -0.21     -2.84      2.20    291.92    273.74    317.08     -4.73    -62.11     43.06      1.23      0.91      1.42    547.18    535.10    556.53    134706    117335    174536 
2026-01-30 10:00:00      0      3.12      2.81      3.58      1.35     -0.30      2.38     -2.76     -3.57     -1.68     -0.28     -1.35      1.19    292.65    264.81    324.71     -5.14    -25.65     23.07      1.23      1.04      1.39    539.65    529.81    553.99    131100     95390    159059 
2026-01-30 10:30:00      0      3.02      2.52      3.47      1.46      0.51      2.54     -1.77     -2.82      0.12      1.51     -1.20      3.38    314.64      4.48    352.26     30.79    -25.10     76.92      1.10      0.79      1.40    538.23    530.79    556.28    149939    132343    186496 
2026-01-30 11:00:00      0      3.14      2.76      3.93      0.84     -1.77      2.72     -2.42     -3.33      0.78      1.66      0.60      2.33    303.06      0.71    356.39     31.01     12.38     42.94      1.03      0.78      1.47    537.16    527.35    566.32    154070     98849    182087 
2026-01-30 11:30:00      0      3.71      2.77      4.08     -0.24     -2.03      1.62     -3.16     -3.60     -1.91      1.14     -1.39      2.89    266.80    235.96    310.28     17.19    -29.02     51.31      1.12      0.58      1.41    552.96    529.01    572.08    108223     94936    130736 
2026-01-30 12:00:00      0      3.49      2.70      4.11     -0.58     -2.50      0.97     -3.21     -3.74     -0.87      0.49     -3.02      2.82    262.31    229.21    316.07      7.37    -65.83     45.23      1.16      0.55      1.48    550.13    533.44    579.59    103748     75055    148409 
2026-01-30 12:30:00      0      3.57      3.39      3.96      0.53     -1.22      1.49     -3.22     -3.57     -1.93      1.05     -1.58      3.35    278.31    250.06    297.41     17.91    -26.44     58.79      1.01      0.42      1.78    541.33    513.51    566.62    108345     48423    169906 
2026-01-30 13:00:00      0      3.79      3.17      4.09      0.04     -1.00      2.83     -2.15     -2.94      0.52      2.86      1.43      3.55    293.90      0.60    345.90     50.02     26.64     69.09      0.86      0.46      1.70    541.47    509.09    570.93    115517     44688    231211 
2026-01-30 13:30:00      0      3.33      3.14      3.56      1.80      1.13      3.00     -2.79     -3.22      0.41     -0.47     -0.99      1.14    315.46      7.70    341.73     -7.91    -16.10     20.62      1.59      0.80      2.14    534.70    514.16    555.80    160356    144137    204278 
2026-01-30 14:00:00      0      3.42      3.23      3.79      1.46     -0.07      2.10     -3.05     -3.72     -2.37     -0.03     -1.35      1.26    292.96    268.95    309.77     -0.48    -22.05     19.81      1.42      0.44      1.80    530.24    494.60    553.58    113302     45113    170094 
2026-01-30 14:30:00      0      3.38      2.94      3.61      1.56      0.91      2.66     -2.96     -3.36     -0.90     -0.21     -1.67      1.62    300.79    286.10    341.25     -3.59    -31.50     27.36      1.20      0.73      1.91    526.27    509.33    543.66    121129     64053    181612 
2026-01-30 15:00:00      0      3.10      2.27      4.03      2.48     -3.23      2.92     -0.67     -3.37      0.84     -1.45     -2.10      1.05    341.70      0.47    358.89    -28.92    -41.59     15.10      1.33      0.59    118.50    528.28    499.87    580.12    132202     83147    271720 
2026-01-30 15:30:00      0      4.13      2.69      4.47     -2.91     -4.14      2.52     -2.58     -3.34     -1.07      0.55     -0.28      1.74    247.06    194.97    324.61      8.05     -3.97     32.62      1.31      0.62      1.88    582.29    499.06    620.23    116306     34243    220874 
2026-01-30 16:00:00      0      3.23      3.04      3.47      2.13      1.60      2.80     -2.26     -2.76     -1.10      1.05      0.06      1.62    316.58    300.67    338.60     18.71      1.12     29.11      1.29      0.73      1.88    518.85    504.45    538.71    144839    104705    203513 
2026-01-30 16:30:00      0      3.19      3.04      3.41      2.10      1.74      2.45     -2.25     -2.47     -1.90      0.92      0.09      1.42    313.00    305.30    322.15     16.29      1.61     25.82      1.27      0.44      1.67    515.43    492.54    531.87    146390     72631    238330 
2026-01-30 17:00:00      0      3.17      3.03      3.35      2.26      1.71      2.64     -2.06     -2.76     -1.28      0.87      0.50      1.20    318.71    301.88    334.09     16.34      8.91     22.21      1.37      0.55      2.08    513.55    490.47    534.07    154088     71022    227000 
2026-01-30 17:30:00      0      3.26      3.17      3.41      2.88      2.18      3.12     -1.52     -2.28     -0.99      0.84      0.11      1.09    329.42    313.75    341.62     14.88      1.99     19.40      1.47      0.67      2.09    508.94    488.89    527.96    147825     88755    217849 
2026-01-30 18:00:00      0      3.29      3.22      3.35      3.07      2.67      3.18     -1.05     -1.28     -0.85      0.37     -0.09      1.57    341.20    337.10    345.12      6.49     -1.49     27.97      1.55      0.68      2.05    506.13    493.48    521.57    167281    115287    203756 
2026-01-30 18:30:00      0      3.30      3.23      3.40      3.22      2.98      3.36     -0.64     -0.96      1.10      0.44      0.14      0.88    353.66      1.57    359.32      7.60      2.35     15.65      1.65      0.71      2.08    500.82    486.79    513.15    165884     96379    219060 
2026-01-30 19:00:00      0      3.32      3.20      3.44      3.24      2.83      3.37      0.25     -1.74      1.24     -0.40     -0.70      0.56    359.70      2.47    356.76     -6.95    -12.13      9.50      1.73      0.91      2.17    494.90    482.27    505.82    156706    106576    199098 
2026-01-30 19:30:00      0      3.28      3.02      3.44      3.14      2.95      3.30     -0.78     -1.15      1.16     -0.37     -0.83      0.70    350.44      0.09    356.01     -6.34    -14.64     12.50      1.73      0.80      2.31    493.08    479.94    503.85    146691     93257    190643 
2026-01-30 20:00:00      0      3.31      3.23      3.41      3.03      2.69      3.28     -1.03     -1.49     -0.58     -0.80     -1.41     -0.42    340.84    331.11    349.91    -13.63    -24.75     -7.30      1.85      0.62      2.50    494.08    478.07    505.24    148425     89668    208663 
2026-01-30 20:30:00      0      3.39      3.21      3.49      2.52      1.87      2.91     -1.65     -2.68     -0.91     -1.56     -1.73     -1.08    326.25    306.10    342.31    -26.91    -31.03    -18.02      1.88      0.92      2.41    498.43    475.07    513.33    132022     41677    185072 
2026-01-30 21:00:00      0      3.43      3.26      3.50      2.91      2.44      3.13     -0.78     -1.89     -0.34     -1.44     -1.79     -1.06    342.03    322.23    353.77    -24.99    -31.16    -18.96      1.84      0.86      2.53    492.29    483.00    500.31    126420     46776    197315 
2026-01-30 21:30:00      0      3.29      2.87      3.54      2.35      1.76      3.18     -2.22     -2.95      0.88     -0.61     -1.29      0.32    324.22     13.12    359.88    -10.77    -23.37      5.69      1.82      0.86      2.69    498.85    478.98    513.45    110547     53133    193160 
2026-01-30 22:00:00      0      3.48      3.25      3.66      3.04      1.79      3.28     -0.68     -1.39     -0.20     -1.51     -3.00     -0.58    346.92    325.87    356.00    -25.65    -57.71    -10.30      1.89      0.80      3.00    491.44    473.88    505.41    112777     68338    153521 
2026-01-30 22:30:00      0      3.38      3.01      3.55      3.04      2.57      3.17     -0.86     -1.40     -0.08     -1.18     -1.53     -0.56    344.06    331.96    358.48    -19.90    -27.72    -10.43      1.99      1.35      2.41    485.41    480.29    490.23     99609     90762    120942 
2026-01-30 23:00:00      0      3.26      3.00      3.35      2.96      2.64      3.31     -1.11     -1.95     -0.19     -0.06     -0.70      0.61    338.80    324.40    356.64     -1.06    -12.46     10.85      1.77      1.62      2.02    488.60    485.85    492.20    117295    102436    136844 
2026-01-30 23:30:00      0      3.31      2.78      3.78      2.28     -0.98      3.11     -1.46     -2.46     -0.68     -1.46     -3.43     -0.08    315.92    235.68    345.46    -27.58    -71.80     -1.41      1.80      1.09      2.12    488.46    477.07    517.91    101071     62779    119422 
2026-01-31 00:00:00      0      3.34      3.22      3.50      2.92      2.62      3.24     -1.02     -1.30      0.05     -1.40     -1.81     -0.77    343.32      0.98    357.03    -24.18    -32.83    -13.52      1.98      1.46      2.14    475.29    471.63    478.07     99914     90212    110691 
2026-01-31 00:30:00      0      3.24      3.11      3.33      3.13      2.18      3.29     -0.51     -0.93      0.40     -0.69     -2.30     -0.19    351.92      0.32    358.46    -12.39    -44.29     -3.36      1.98      1.76      2.11    471.32    469.15    473.82    107150     87178    119987 
2026-01-31 01:00:00      0      3.27      3.15      3.50      2.78      2.42      3.09     -0.55     -1.15     -0.21     -1.73     -1.98     -1.41    348.73    334.50    355.87    -31.83    -35.01    -24.23      1.93      1.61      2.04    469.23    467.30    472.25     91337     83848    102437 
2026-01-31 01:30:00      0      3.27      3.19      3.47      2.61      2.24      3.16     -0.64     -1.94      0.28     -1.79     -2.31     -0.66    343.99      6.31    355.54    -32.16    -44.80    -11.26      1.90      1.67      2.05    467.38    465.64    470.05     87500     78852    101649 
2026-01-31 02:00:00      0      3.36      3.20      3.50      3.10      2.95      3.42     -0.93     -1.33     -0.64     -0.69     -1.16      0.80    343.16    337.44    349.39    -11.89    -20.10     13.87      1.85      1.57      2.12    469.14    466.70    472.89    112254     95965    132750 
2026-01-31 02:30:00      0      3.25      3.16      3.38      2.60      2.04      3.25     -0.75     -1.38      0.00     -1.76     -2.34      1.32    344.69    329.87    359.97    -33.09    -46.02     23.50      1.86      1.26      2.07    465.73    463.25    475.31     85801     71712    122864 
2026-01-31 03:00:00      0      3.20      3.06      3.39      3.02      2.33      3.28     -0.65     -1.22     -0.15     -0.78     -1.82     -0.30    347.49    332.31    357.29    -14.05    -34.67     -5.28      1.85      1.58      1.96    461.09    458.98    466.16     98322     75713    108747 
2026-01-31 03:30:00      0      3.13      3.04      3.21      2.85      2.77      3.03     -1.03     -1.28     -0.65     -0.72     -1.12     -0.56    340.08    335.44    347.78    -13.34    -20.36    -10.08      1.84      1.46      1.98    460.53    458.19    462.75    101633     95064    110724 
2026-01-31 04:00:00      0      3.14      3.02      3.22      2.30      1.47      2.94     -1.64     -2.34     -0.90     -1.16     -1.88      0.20    325.15    302.15    342.93    -21.96    -36.31      3.73      1.90      1.62      2.06    460.98    458.87    464.27     93589     69443    117916 
2026-01-31 04:30:00      0      3.22      2.92      3.55      1.75      1.15      2.44     -1.47     -3.35      0.22     -1.96     -2.81      0.74    321.56      7.58    354.55    -36.95    -59.18     12.36      1.91      1.54      2.25    464.10    457.58    471.58     80679     55351     91383 
2026-01-31 05:00:00      0      3.19      2.78      3.69      1.60     -0.07      2.69     -2.65     -3.68     -0.65     -0.81     -1.50     -0.08    306.81    268.69    346.08    -16.07    -30.64     -1.21      1.97      1.52      2.31    465.43    456.58    482.05     71937     47446    110206 
2026-01-31 05:30:00      0      3.18      2.77      3.29      2.58      1.19      3.17     -1.05     -2.90      0.73     -0.90     -1.17     -0.53    335.65      5.11    359.97    -17.60    -22.63     -9.55      1.98      1.71      2.26    459.48    454.24    467.61     78274     58890    101690 
2026-01-31 06:00:00      0      3.18      3.09      3.28      2.98      2.71      3.09     -0.67     -1.08      0.04     -0.99     -1.46     -0.54    348.73      0.82    359.25    -18.04    -26.67     -9.43      1.92      1.67      2.09    454.12    452.68    457.50     84720     74408     95968 
2026-01-31 06:30:00      0      3.19      3.07      3.35      2.97      2.77      3.18     -1.05     -1.35      0.02     -0.46     -1.03     -0.07    343.53      0.32    357.73     -8.25    -19.20     -1.30      1.96      1.84      2.13    454.43    449.85    458.40     90671     81239    104043 
2026-01-31 07:00:00      0      3.16      3.09      3.25      3.06      2.88      3.10     -0.59     -1.13     -0.49     -0.53     -0.83     -0.10    346.81    338.63    350.98     -9.78    -14.76     -1.90      2.05      1.72      3.31    451.87    450.48    475.21     93793     87677    274895 

2026-01-31 07:30:00      1      3.94      3.89      3.99      3.64      3.44      3.73     -1.45     -1.89     -1.07     -0.30     -0.59      0.31    337.48    331.27    343.86     -4.38     -8.71      4.56      4.60      2.17      6.53    474.60    441.70    478.00    200887     33087    219181 
2026-01-31 08:00:00      1      4.01      3.95      4.07      3.73      3.59      3.88     -1.34     -1.67     -0.89     -0.46     -0.73     -0.17    340.66    335.15    347.04     -6.66    -10.41     -2.40      4.51      4.35      4.78    474.20    473.10    475.40    202438    197444    214857 
2026-01-31 08:30:00      1      4.04      3.98      4.09      3.68      3.52      3.95     -1.60     -1.92     -0.92     -0.50     -0.72     -0.27    337.12    331.61    346.93     -7.11    -10.33     -3.94      4.45      4.31      4.60    473.80    472.90    475.20    201127    194744    206190 
2026-01-31 09:00:00      0      3.35      3.25      3.47      3.05      2.79      3.18     -1.42     -1.81     -1.24      0.06     -0.14      0.23    334.77    326.94    338.37      1.02     -2.31      3.83      2.07      1.61      3.02    442.57    437.37    455.91     89336     69527    139960 

2026-01-31 09:30:00      0      3.32      3.20      3.53      3.00      2.71      3.18     -1.52     -1.82     -0.29     -0.05     -0.49      0.28    335.35    326.11    354.77     -0.78     -8.40      4.66      2.11      1.33      9.86    440.23    414.04    449.98     82262     67136    113890 
2026-01-31 10:00:00      0      3.27      3.20      3.38      3.19      3.08      3.29     -0.73     -0.91     -0.55      0.01     -0.35      0.33    347.22    344.34    350.06      0.26     -5.98      5.69      2.07      1.16      2.96    436.78    426.05    446.42     84655     67864    110794 
2026-01-31 10:30:00      0      3.35      3.23      3.45      3.09      2.89      3.21     -1.28     -1.75     -0.75     -0.10     -0.35      0.20    337.58    329.02    346.74     -1.74     -5.92      3.55      2.01      0.89      2.67    435.10    422.61    443.12     71352     55689     96602 
2026-01-31 11:00:00      0      3.44      3.32      3.59      3.04      2.83      3.25     -1.68     -1.88     -1.06     -0.24     -0.45      0.15    332.21    328.00    341.86     -3.91     -7.85      2.65      2.05      0.81      2.88    436.82    424.47    447.52     72147     56599    109914 
2026-01-31 11:30:00      0      3.45      3.38      3.61      2.96      2.69      3.18     -1.74     -2.05     -1.34     -0.35     -0.69      0.23    329.81    322.62    337.05     -5.89    -11.28      3.89      2.14      1.31      3.20    435.54    428.47    446.91     68904     54961    100494 
2026-01-31 12:00:00      0      3.50      3.33      3.66      2.56      1.82      2.72     -2.28     -2.82     -1.86     -0.67     -1.29      0.04    317.56    302.82    325.65    -10.95    -21.02      0.69      2.13      1.83      2.22    433.82    430.69    436.95     62853     54733     87067 
2026-01-31 12:30:00      0      3.61      3.34      3.85      2.51      1.85      2.76     -2.27     -2.94     -1.92     -1.25     -1.52     -0.60    316.28    302.73    325.17    -19.74    -25.10     -9.78      2.15      1.85      2.25    434.14    430.88    436.29     62372     54984     82033 
2026-01-31 13:00:00      0      3.62      3.40      3.73      2.59      1.97      2.83     -2.28     -2.51     -1.94     -1.11     -2.04     -0.30    318.45    311.16    322.79    -18.02    -33.48     -4.71      2.04      1.54      2.13    430.58    428.02    434.87     64732     59141     74414 
2026-01-31 13:30:00      0      3.58      3.45      3.86      2.80      2.02      3.42     -2.11     -2.86     -1.24     -0.68     -0.81     -0.52    324.98    305.52    339.61    -10.63    -13.00     -8.38      2.00      1.75      2.09    426.37    422.55    429.71     69446     60574     72942 
2026-01-31 14:00:00      0      3.60      3.48      3.85      2.97      2.70      3.46     -1.89     -2.14     -1.52     -0.61     -0.74     -0.43    328.72    321.57    336.26     -9.65    -11.26     -7.02      2.09      1.81      2.21    424.41    422.10    427.42     73333     57312     77316 
2026-01-31 14:30:00      0      3.55      3.47      3.63      3.06      2.26      3.17     -1.73     -2.71     -1.20     -0.61     -1.02     -0.06    328.36    309.91    338.94     -9.84    -16.94     -0.98      2.18      1.94      2.27    424.74    417.81    426.77     77871     62721     94780 
2026-01-31 15:00:00      0      3.35      2.55      3.63      2.19      1.37      2.88     -2.22     -3.34     -1.66     -0.71     -1.41      1.40    313.65    292.34    330.02    -12.04    -25.43     23.38      2.12      1.32      2.95    431.15    408.71    449.80     87582     49351    120793 
2026-01-31 15:30:00      0      3.25      2.93      3.56      2.58      2.14      3.05     -1.86     -2.12     -1.62     -0.77     -1.42      0.07    323.87    315.62    330.54    -13.31    -23.87      1.18      2.10      1.04      2.90    424.09    405.92    438.07    112427     54894    155652 
2026-01-31 16:00:00      0      3.45      3.13      3.68      3.00      2.72      3.35     -1.57     -1.89     -1.24     -0.50     -0.83      0.13    332.53    327.49    339.37     -8.16    -13.90      2.22      2.01      1.24      2.86    422.70    407.24    431.72    117070     68028    173729 
2026-01-31 16:30:00      0      3.58      3.08      3.73      3.24      1.64      3.51     -1.26     -2.69     -0.93     -0.56     -0.90      0.44    331.84    301.27    343.73     -8.76    -15.36      7.66      1.94      1.40      2.89    421.54    411.16    435.25    116066     67452    159134 
2026-01-31 17:00:00      0      3.39      3.18      3.93      2.17      1.71      2.50     -2.47     -3.08     -2.08      0.28     -1.01      1.74    311.00    298.94    319.58      4.73    -18.30     26.30      2.05      1.00      2.75    420.48    400.59    432.73     97130     54266    127915 
2026-01-31 17:30:00      0      3.47      3.33      3.82      2.30      0.76      3.07     -2.46     -3.42     -1.59     -0.73     -1.94      0.12    312.53    282.46    332.61    -12.06    -32.95      1.95      2.29      1.10      3.42    414.94    392.29    434.43     88556     49563    145818 
2026-01-31 18:00:00      0      3.42      3.09      3.61      2.99      2.63      3.25     -1.44     -1.98     -0.82     -0.81     -1.12     -0.46    335.28    323.10    345.87    -14.54    -19.13     -7.56      2.36      1.19      2.92    402.69    384.72    420.91    104187     33125    161058 
2026-01-31 18:30:00      0      3.41      3.18      3.65      3.30      3.00      3.47     -0.77     -0.93     -0.59     -0.43     -0.82      0.27    346.90    342.84    349.25     -7.19    -13.18      4.64      2.34      1.56      2.78    404.57    391.43    413.56    114004     50458    158885 
2026-01-31 19:00:00      0      3.36      3.17      3.77      3.25      3.06      3.54     -0.84     -1.50     -0.53      0.22     -0.73      0.45    343.60    335.04    350.66      3.84    -11.56      7.82      2.60      1.74      2.96    401.06    387.99    412.81    107609     57458    173887 
2026-01-31 19:30:00      0      3.58      3.53      3.71      3.29      3.06      3.44     -1.30     -1.58     -0.93     -0.94     -1.19     -0.10    339.02    333.13    344.89    -15.15    -19.21     -1.55      2.30      1.74      3.12    395.19    382.31    402.99     94873     36374    132750 
2026-01-31 20:00:00      0      3.53      3.22      3.69      2.10      1.77      3.47     -2.26     -2.82     -0.66     -1.18     -1.44     -0.76    322.23    302.15    349.10    -20.17    -25.43    -12.45      2.57      1.82      3.04    389.69    374.67    399.14     90923     41255    123179 
2026-01-31 20:30:00      0      3.51      3.26      3.99      2.34      2.05      3.11     -2.27     -3.00     -1.15     -1.25     -1.88     -0.75    319.46    308.23    338.94    -21.01    -32.41    -12.63      2.64      1.75      3.07    385.73    371.51    395.90     83646     41978    143526 
2026-01-31 21:00:00      0      3.81      3.57      4.02      3.25      2.50      3.52     -1.93     -2.46     -1.50     -0.48     -1.03      0.33    329.40    315.47    336.99     -7.09    -16.53      4.78      2.54      1.67      3.05    392.52    383.44    402.26    105576     64149    145646 
2026-01-31 21:30:00      0      3.59      3.50      4.00      2.75      2.58      3.37     -2.27     -2.56     -1.67     -0.09     -1.01      0.49    322.17    316.64    332.82     -1.42    -15.14      7.75      2.63      1.72      3.11    387.91    381.70    395.40     93967     68382    121229 
2026-01-31 22:00:00      0      3.67      3.38      3.91      3.41      2.39      3.67     -1.41     -2.73     -0.72     -0.04     -0.88      0.19    332.16    313.72    348.83     -0.68    -14.38      3.00      2.42      1.55      2.74    387.71    374.93    397.15    118083     56859    143023 
2026-01-31 22:30:00      0      3.73      3.61      3.90      3.49      3.35      3.86     -1.12     -1.46     -0.09     -0.28     -1.01      0.01    343.07    336.59    358.54     -4.33    -15.52      0.19      2.65      1.48      2.89    385.23    367.64    389.85    103702     21687    128977 
2026-01-31 23:00:00      0      3.81      3.57      4.00      3.55      3.41      3.73     -1.27     -1.48     -0.72     -0.48     -1.09      0.21    342.11    337.20    348.29     -7.33    -16.61      3.18      2.41      2.11      2.73    385.03    382.71    388.69    108936     99850    125663 
2026-01-31 23:30:00      0      3.84      3.56      3.96      3.60      3.26      3.76     -1.31     -1.80     -0.66     -0.04     -0.61      0.78    340.34    332.32    349.70     -0.63     -9.17     12.03      2.31      1.89      2.56    386.19    382.35    391.67    123761    111007    129645 
2026-02-01 00:00:00      0      3.71      3.58      3.80      3.44      3.15      3.57     -1.08     -1.50     -0.82      0.87     -0.12      1.73    342.26    335.70    345.52     13.43     -1.83     27.76      2.07      1.81      2.34    389.59    383.86    393.83    123157    112975    135602 
2026-02-01 00:30:00      0      3.85      3.57      4.15      3.41      3.19      3.64     -1.17     -1.54     -0.92      1.30      0.32      2.00    340.62    335.21    344.94     19.66      4.86     29.45      1.94      1.71      2.13    388.24    384.74    391.59    115612     88960    127385 
2026-02-01 01:00:00      0      4.02      3.51      4.14      3.50      3.03      3.70     -1.39     -1.71     -0.83      1.18      0.83      1.74    338.39    333.78    346.84     18.49     11.74     25.27      2.12      1.78      2.40    389.79    383.97    391.37     89714     75836    117447 
2026-02-01 01:30:00      0      4.23      3.63      4.41      3.81      3.14      4.04     -1.61     -2.03     -1.18      0.73      0.07      1.15    336.70    330.96    343.74     10.18      0.95     18.53      2.21      1.81      2.89    373.02    367.80    385.38     75271     61710    103734 
2026-02-01 02:00:00      0      4.00      3.49      4.26      3.18      1.59      3.70     -2.35     -3.13     -2.02     -0.88     -1.82      0.10    318.11    296.89    331.03    -12.43    -28.24      1.36      2.66      2.29      2.88    368.30    361.60    372.06     64431     52973     76727 
2026-02-01 02:30:00      0      5.26      3.72      5.71     -4.33     -5.09      1.82     -2.20     -3.17     -1.26     -2.38     -2.82     -1.16    223.19    196.25    302.82    -28.21    -36.51    -12.60      2.73      2.03      3.52    372.79    364.45    383.68     19943     14981     56382 
2026-02-01 03:00:00      0      5.30      5.07      5.59     -4.45     -4.98     -3.87     -1.80     -2.34     -1.22     -2.43     -3.01     -1.55    201.83    196.28    211.14    -26.93    -35.34    -16.14      3.18      2.65      4.00    374.30    369.66    376.98     17798     13933     25626 
2026-02-01 03:30:00      0      5.33      5.07      5.55     -4.34     -4.85     -4.06     -1.99     -2.35     -1.22     -2.37     -2.59     -1.90    204.23    194.11    209.54    -26.36    -29.10    -20.79      3.45      3.22      3.87    372.49    370.08    381.14     15854     11919     31303 
2026-02-01 04:00:00      0      5.25      4.48      5.44     -3.80     -4.90     -2.36     -2.31     -2.68     -1.22     -2.84     -2.99     -1.76    209.75    194.11    227.54    -32.81    -39.29    -19.06      3.42      2.95      4.53    374.88    371.68    384.91     19154     14090     29703 
2026-02-01 04:30:00      0      4.03      3.37      4.87     -0.52     -2.99      3.71     -2.77     -3.18     -1.18     -2.46     -3.05      1.25    282.51    218.00    341.86    -36.56    -42.32     17.77      4.07      1.87      4.51    383.38    362.37    391.51     38837     27992    102959 
2026-02-01 05:00:00      0      4.38      3.90      4.60      3.22      2.80      3.62     -2.67     -3.12     -2.23     -1.21     -1.82     -0.53    320.59    313.73    325.95    -16.12    -24.88     -7.35      3.15      2.59      3.86    358.28    355.55    363.03     54757     46116     75466 
2026-02-01 05:30:00      1      5.11      4.98      5.17      3.55      2.77      3.78     -3.34     -3.86     -3.15     -1.49     -1.70     -1.38    314.22    305.68    320.19    -17.38    -19.20    -15.69    -99999    -99999    -99999    -99999    -99999    -99999    -99999    -99999    -99999 

2026-02-01 06:00:00      0      4.63      4.53      4.76      3.70      3.56      3.87     -2.76     -2.90     -2.60      0.18     -0.29      0.58    323.22    320.96    325.81      2.26     -3.60      7.23      1.57      1.33      1.94    354.32    350.03    360.39     88222     77659    101265 
2026-02-01 06:30:00      0      4.64      4.56      4.81      3.92      3.63      4.21     -2.41     -2.86     -1.94      0.48      0.20      0.83    328.77    322.13    334.83      5.99      2.42     10.09      1.53      1.35      1.70    352.66    349.62    356.32     78800     70035     97748 
2026-02-01 07:00:00      0      4.72      4.56      4.92      4.09      2.84      4.17     -2.23     -3.33     -2.15      0.81     -1.27      1.34    328.39    310.44    332.42      9.92    -16.16     15.86      1.47      1.46      2.47    352.07    347.99    359.74     86181     56867     96447 

2026-02-01 07:30:00      0    -99999    -99999    -99999    -99999    -99999    -99999    -99999    -99999    -99999    -99999    -99999    -99999    -99999    -99999    -99999    -99999    -99999    -99999      0.61      0.10      2.38    490.20    458.50    495.80      5000      5000    154027 
2026-02-01 08:00:00      1      4.98      4.98      5.20      2.77      2.77      3.57     -3.86     -3.86     -3.75     -1.49     -1.49     -0.47    309.65    305.68    313.61    -17.38    -17.38     -5.16      2.11      0.10      2.22    491.60    458.50    493.50    141447      5000    150331 
2026-02-01 08:30:00      2    -99999    -99999    -99999    -99999    -99999    -99999    -99999    -99999    -99999    -99999    -99999    -99999    -99999    -99999    -99999    -99999    -99999    -99999    -99999    -99999    -99999    -99999    -99999    -99999    -99999    -99999    -99999 

2026-02-01 09:00:00      0      4.67      4.45      4.79      2.39      1.50      3.40     -3.81     -4.21     -2.88     -1.44     -1.91     -0.82    302.63    289.64    319.76    -17.69    -23.52    -10.28      1.55      1.10      2.26    340.59    335.29    347.38     62809     35191     76872 
2026-02-01 09:30:00      0      4.66      4.01      5.04      1.89      0.17      3.62     -4.21     -4.86     -1.67     -0.45     -1.50      1.82    297.57    272.02    335.27     -5.21    -19.39     25.36      1.41      1.00      2.17    344.08    337.72    351.81     62339     35668    125180 
2026-02-01 10:00:00      0      5.43      5.10      5.66      1.28      0.26      2.27     -4.86     -5.54     -4.39     -1.39     -3.05      1.92    285.21    272.80    295.15    -15.32    -33.35     21.06      1.70      1.16      2.78    343.47    340.23    352.24     41579     27614     69418 
2026-02-01 10:30:00      0      5.31      5.09      5.54      1.72      0.48      2.75     -3.84     -4.93     -1.92     -3.34     -4.03     -1.71    296.16    275.67    323.07    -38.58    -51.35    -18.56      2.20      1.57      2.95    341.08    332.53    351.18     40818     21450     79620 
2026-02-01 11:00:00      0      5.17      4.78      5.43      0.50     -0.93      2.15     -3.68     -4.48     -1.93     -3.61     -4.65     -2.83    276.81    257.69    313.30    -45.26    -66.91    -31.98      2.45      1.85      3.07    342.02    328.50    354.15     27390     16720     49830 
2026-02-01 11:30:00      0      4.87      4.40      5.08      0.25     -1.20      1.13     -2.85     -3.74     -1.89     -3.86     -4.24     -3.08    274.73    246.14    296.70    -53.90    -61.35    -38.40      2.31      1.21      3.36    340.93    330.93    349.53     26438     19925     38483 
2026-02-01 12:00:00      0      4.95      4.69      5.24     -1.16     -2.23      0.39     -3.11     -3.57     -2.78     -3.67     -3.89     -3.29    252.75    232.64    277.96    -47.37    -53.70    -40.38      2.41      1.13      2.87    344.23    332.68    349.02     23974     18238     53680 
2026-02-01 12:30:00      0      5.09      4.88      5.26     -1.71     -2.63     -0.97     -3.33     -3.71     -2.81     -3.48     -3.79     -2.87    242.12    228.03    254.54    -42.82    -47.66    -33.93      2.27      1.63      2.65    343.03    328.54    352.44     23432     16587     31664 
2026-02-01 13:00:00      0      4.94      4.31      5.19     -1.20     -2.27      0.16     -2.92     -4.34     -2.11     -3.72     -4.17     -1.72    249.76    237.72    274.22    -50.26    -63.00    -19.31      2.18      1.24      2.57    339.31    330.93    347.13     24696     19696     30458 
2026-02-01 13:30:00      0      5.15      4.52      5.33     -1.75     -2.36      1.32     -4.25     -4.68     -3.35     -2.26     -2.90     -1.79    250.64    240.11    291.50    -25.78    -38.46    -20.38      1.73      1.26      2.14    342.61    335.50    349.98     26177     19543     32073 
2026-02-01 14:00:00      0      4.01      3.73      4.39      2.38      1.49      3.25     -1.97     -3.65     -0.44     -2.32     -3.33     -0.05    317.27    292.21    349.76    -35.81    -54.09     -0.72      1.21      0.58      1.91    328.23    294.41    339.70     53305     32803     85162 
2026-02-01 14:30:00      0      3.99      3.25      4.19      1.63     -0.55      2.84     -2.30     -3.10     -0.11     -2.60     -3.81     -0.95    303.30    258.52    356.20    -41.32    -67.39    -14.18      1.52      0.71      2.14    335.48    323.67    350.74     44018     29812    102239 
2026-02-01 15:00:00      0      4.10      3.81      5.00      3.09     -2.39      3.93     -1.59     -3.55     -0.38     -2.40     -3.29     -0.85    320.12    233.76    354.46    -34.63    -51.58    -11.83      1.43      0.89      2.54    314.37    303.86    348.70     45905     23647     67191 
2026-02-01 15:30:00      0      4.16      4.04      4.35      3.32      2.77      4.28     -1.56     -2.18     -0.75     -1.91     -2.41     -0.24    335.47    322.75    350.06    -27.14    -34.74     -3.18      1.26      0.62      2.05    317.28    310.17    348.85     60479     38739    188031 
2026-02-01 16:00:00      0      4.04      3.84      4.16      2.93      2.42      3.74     -1.46     -2.09     -0.42     -2.12     -2.64     -1.54    334.72    319.20    353.65    -32.46    -40.62    -21.92      1.20      0.73      1.99    296.08    283.36    316.78     39602     16126    110843 
2026-02-01 16:30:00      0      4.04      3.72      4.18      2.83      2.28      3.47     -1.63     -2.12     -1.22     -2.44     -3.13     -1.09    330.10    320.22    340.58    -35.85    -48.78    -16.16      1.00      0.61      1.59    298.33    285.11    305.55     31362     19393     57113 
2026-02-01 17:00:00      0      4.15      3.80      4.36      2.44      2.10      3.45     -1.30     -1.86      0.31     -3.03     -3.55     -1.70    335.36      2.67    359.55    -46.35    -55.76    -26.62      1.22      0.85      2.01    298.62    289.96    317.02     33735     13808     80823 
2026-02-01 17:30:00      0      3.85      3.79      4.00      3.39      2.77      3.70     -1.12     -1.74     -0.09     -1.53     -2.31     -0.72    343.40    327.95    358.58    -23.44    -35.19    -10.86      1.01      0.65      1.45    293.16    286.66    304.42     20973     10367     69225 
2026-02-01 18:00:00      0      4.08      3.82      4.35      3.45      3.21      3.62     -1.94     -2.28     -1.23     -0.94     -1.64      0.57    331.73    325.72    340.67    -13.27    -22.52      8.06      0.79      0.39      1.41    297.82    287.83    317.17     26797     10824    125839 
2026-02-01 18:30:00      0      4.19      4.03      4.27      1.77      0.94      3.59     -2.15     -2.44     -1.72     -2.86     -3.40     -1.35    314.13    291.02    334.19    -44.60    -53.14    -18.62      1.27      0.90      1.79    303.78    292.81    319.99     35574     10489     86905 
2026-02-01 19:00:00      0      4.38      3.98      4.78      0.44     -0.74      3.28     -2.50     -3.03     -1.38     -3.41     -3.86     -1.24    288.19    255.66    334.09    -51.37    -58.18    -18.20      1.50      0.97      7.18    306.94    296.45    334.21     36242     19359     77672 
2026-02-01 19:30:00      0      4.52      4.14      4.70      4.07      2.43      4.47      0.01     -1.84      0.41     -2.04     -2.97     -1.08    353.15      0.10    359.54    -26.48    -43.94    -13.82      1.20      0.82      1.61    294.37    289.47    300.44     22875     12885     62062 
2026-02-01 20:00:00      0      4.26      4.11      4.56      3.15      2.50      4.07     -0.48     -1.88      0.11     -2.75     -3.10     -1.66    349.34      1.15    359.08    -40.37    -45.73    -22.86      1.50      1.16      1.78    293.32    286.47    303.72     24992     14532    121670 
2026-02-01 20:30:00      0      4.67      4.46      4.83      3.91      3.34      4.30      0.22     -0.04      0.64     -2.51     -3.49     -1.80      3.39      1.32    359.85    -32.32    -46.18    -22.64      1.60      1.18      2.10    298.62    291.52    307.27     30882     16766     63323 
2026-02-01 21:00:00      0      4.80      3.59      5.66      2.46     -3.81      3.37     -0.19     -3.37      0.63     -3.52     -4.34     -2.84    325.54      0.04    359.54    -47.43    -71.32    -30.91      1.69      1.04      2.63    305.55    297.88    343.88     36909     20262     74160 
2026-02-01 21:30:00      0      3.97      3.66      4.56      3.16      0.94      3.91      0.19     -1.09      1.67     -2.44     -3.96     -1.46      4.11      0.19    359.51    -37.85    -74.73    -20.75      1.43      0.49      2.23    334.29    317.21    344.64     54450     36778    214180 
2026-02-01 22:00:00      0      4.52      3.42      4.74      3.26      1.38      4.55      0.16     -1.94      1.93     -2.62     -4.08      0.18    358.91      0.93    359.23    -36.08    -63.44      2.77      1.25      0.60      3.01    313.25    303.76    361.07     52032     27250    127856 
2026-02-01 22:30:00      0      4.96      4.37      5.47      0.95      0.43      2.45     -1.96     -2.23      0.34     -4.66     -4.96     -3.92    304.60     14.29    340.18    -65.64    -75.97    -55.91      2.72      1.71      3.20    315.54    308.76    322.29     28569     24394     46028 
2026-02-01 23:00:00      0      5.56      5.39      5.94      0.72      0.13      1.63     -2.44     -2.96     -2.03     -4.98     -5.32     -4.43    286.52    273.42    300.55    -62.26    -68.54    -54.11      2.69      2.07      3.39    318.92    310.45    322.89     28382     21367     32878 
2026-02-01 23:30:00      0      6.34      5.75      6.64     -2.25     -3.11      0.85     -4.23     -4.58     -2.33     -4.35     -5.31     -3.59    251.24    234.96    288.44    -41.33    -65.77    -32.93      2.20      1.53      2.88    332.94    319.22    337.64     30015     24906     35967 
2026-02-02 00:00:00      0      6.08      5.76      6.47     -2.57     -3.20     -0.22     -4.25     -4.80     -3.06     -3.77     -4.31     -3.26    243.95    223.72    267.33    -37.23    -46.50    -32.70      2.40      1.65      3.04    331.17    319.64    338.32     28250     22031     37335 
2026-02-02 00:30:00      0      6.00      5.53      6.34     -2.18     -5.51      0.28     -3.28     -4.30     -1.52     -4.01     -4.80     -2.56    239.25    196.40    273.87    -42.40    -54.09    -23.81      3.07      1.80      3.91    327.19    310.72    343.02     25496     20951     34444 
2026-02-02 01:00:00      1      5.92      5.50      6.09     -1.46     -1.65      1.69     -3.89     -4.46     -3.50     -4.12     -4.41     -3.51    258.81    245.98    290.70    -45.20    -47.04    -36.38    -99999    -99999    -99999    -99999    -99999    -99999    -99999    -99999    -99999 

2026-02-02 01:30:00      0      5.58      5.31      5.73     -0.50     -1.09      0.17     -4.29     -4.86     -2.25     -3.68     -4.88     -2.68    263.27    246.48    272.31    -40.60    -63.34    -28.43      3.06      2.71      4.15    316.05    311.93    322.06     27699     21036     43099 
2026-02-02 02:00:00      0    -99999    -99999    -99999    -99999    -99999    -99999    -99999    -99999    -99999    -99999    -99999    -99999    -99999    -99999    -99999    -99999    -99999    -99999      5.32      1.14      5.53    323.60    313.10    325.10     19387      5378     21567 

2026-02-02 02:30:00      1      6.09      6.09      6.09      1.53      1.53      1.53     -4.11     -4.11     -4.11     -4.17     -4.17     -4.17    290.36    290.36    290.36    -43.51    -43.51    -43.51      1.14      1.14      2.36    307.70    307.70    313.10      5378      5378     10093 
2026-02-02 03:00:00      0    -99999    -99999    -99999    -99999    -99999    -99999    -99999    -99999    -99999    -99999    -99999    -99999    -99999    -99999    -99999    -99999    -99999    -99999    -99999    -99999    -99999    -99999    -99999    -99999    -99999    -99999    -99999 

2026-02-02 04:00:00      0    -99999    -99999    -99999    -99999    -99999    -99999    -99999    -99999    -99999    -99999    -99999    -99999    -99999    -99999    -99999    -99999    -99999    -99999      1.94      1.85      2.36    406.10    307.70    469.20     86717     10093    116912 
2026-02-02 04:30:00      1    -99999    -99999    -99999    -99999    -99999    -99999    -99999    -99999    -99999    -99999    -99999    -99999    -99999    -99999    -99999    -99999    -99999    -99999      2.05      1.80      2.23    473.10    396.30    483.80    116912     79993    147814 


2026-02-02 09:00:00      0      5.98      5.85      6.22      4.56      4.08      5.11     -2.43     -3.71     -0.83      2.87      1.99      3.52    334.74    318.18    350.65     29.07     19.74     34.45      1.90      1.51      2.75    298.88    287.85    301.33     64182     26233     85300 
2026-02-02 09:30:00      0      6.11      5.88      6.25      2.87      2.44      4.18     -4.97     -5.23     -3.25      2.30      1.42      3.03    303.42    296.01    321.99     22.38     13.47     29.02      2.31      1.89      2.92    298.57    295.30    303.91     45732     40090     64409 
2026-02-02 10:00:00      0      5.78      5.66      6.09      3.75      2.48      4.09     -4.33     -5.05     -3.82     -0.07     -1.15      2.32    310.25    296.11    316.49     -0.74    -11.50     22.38      2.44      1.98      2.92    291.69    287.98    298.70     42605     20091     56964 
2026-02-02 10:30:00      0      6.13      5.56      6.93     -0.10     -1.85      3.36     -4.70     -6.02     -2.04     -3.77     -6.39     -0.98    271.90    227.82    309.57    -35.62    -67.24     -9.22      2.94      1.86      3.82    311.34    294.80    324.92     26092     11440     38761 
2026-02-02 11:00:00      0      6.63      6.30      6.94      0.95     -0.19      1.57     -5.43     -5.88     -3.92     -3.68     -5.47     -2.31    277.92    267.39    285.47    -33.72    -54.33    -20.79      3.12      2.64      3.72    305.72    300.85    329.31     18640     10839     23443 
2026-02-02 11:30:00      0      6.20      6.02      6.87      1.60      0.89      2.19     -5.79     -6.43     -5.47     -1.68     -2.74      0.73    285.34    279.20    290.54    -15.59    -26.20      6.70      3.41      2.97      3.95    304.15    300.40    307.84     25160     17376     35771 
2026-02-02 12:00:00      0      6.04      5.86      6.17      1.26      0.01      2.09     -5.71     -6.09     -5.19     -1.07     -2.97      1.66    282.18    270.06    290.36    -10.27    -29.56     15.89      3.34      2.15      4.00    303.99    298.08    308.19     18472     13085     23536 
2026-02-02 12:30:00      0      5.93      5.64      6.16      0.58     -0.69      1.60     -5.45     -5.92     -3.96     -2.32     -4.20      1.09    276.19    262.65    287.06    -22.66    -46.64     10.58      3.66      2.52      5.36    308.35    301.59    324.29     21044     16375     30243 
2026-02-02 13:00:00      0      5.57      5.30      5.79      0.39     -0.58      2.90     -4.63     -5.41     -3.54     -2.98     -4.58      2.10    276.73    262.85    304.31    -32.31    -52.29     23.38      3.48      2.37      4.61    310.04    301.64    319.90     21772     16927     28723 
2026-02-02 13:30:00      0      5.30      5.15      5.76      2.86      2.26      3.40     -4.60     -5.04     -3.81     -0.26     -1.15      0.98    302.27    295.33    311.78     -2.58    -12.70     10.52      3.66      2.32      5.40    301.31    298.29    315.38     25877     11529     82130 
2026-02-02 14:00:00      0      5.56      5.46      5.71      3.54      2.82      4.08     -4.28     -4.88     -3.67     -0.11     -0.86      0.44    309.44    300.03    318.01     -1.09     -8.99      4.44      3.02      2.48      3.52    300.11    293.79    305.42     33893     17051     43740 
2026-02-02 14:30:00      0      5.81      5.66      5.90      3.34      3.07      3.82     -4.72     -4.94     -4.33      0.43      0.11      0.96    306.11    301.89    311.38      4.16      1.13      9.65      2.88      2.42      5.10    298.99    294.16    311.45     28558     10956     91423 
2026-02-02 15:00:00      0      5.50      5.38      5.84      3.00     -1.07      3.73     -4.78     -5.25     -4.18      0.34     -1.99      1.74    296.61    257.90    311.51      3.33    -21.40     18.40      3.35      2.29      5.28    301.60    295.79    315.36     32111     17270     86403 
2026-02-02 15:30:00      0      5.40      5.19      5.64     -0.37     -1.58      1.86     -5.20     -5.31     -4.40     -1.34     -2.01     -0.75    267.01    253.08    292.92    -14.46    -22.85     -8.21      4.31      3.70      5.23    309.63    298.09    321.53     20666     14944     33952 
2026-02-02 16:00:00      0      5.13      4.97      5.46      2.08      0.14      2.96     -4.53     -5.46     -3.39     -1.26     -2.45      1.06    293.46    271.45    311.10    -14.53    -28.53     11.52      3.85      2.56      5.24    298.44    293.37    307.33     22505     12562     79189 
2026-02-02 16:30:00      0      5.20      4.85      5.44      0.70     -2.27      2.80     -4.97     -5.42     -4.01     -0.81     -1.79      1.46    279.81    243.68    304.89     -8.85    -19.80     15.93      3.89      1.11      6.09    301.75    293.73    313.22     22801     10140     87414 
2026-02-02 17:00:00      0      5.09      4.44      5.99     -1.20     -3.02      0.93     -4.69     -5.05     -4.26      0.77     -0.90      2.60    255.61    236.10    281.82      9.04    -11.48     26.05      3.90      2.56      6.44    309.83    294.39    315.55     19866     15899     72972 
2026-02-02 17:30:00      0      5.13      4.48      5.39      0.24     -2.37      1.66     -4.79     -5.37     -4.06      0.38     -0.89      0.87    265.62    242.52    292.26      4.78    -11.48     10.49      4.42      3.65      6.40    304.95    294.96    321.19     21833     13799     55194 
2026-02-02 18:00:00      0      4.99      4.72      5.68      2.19      1.31      3.54     -4.34     -5.31     -2.90     -1.11     -1.98     -0.20    297.73    285.03    320.66    -13.62    -21.96     -2.00      4.14      3.11      8.30    298.49    293.58    313.84     34161     17673     72116 
2026-02-02 18:30:00      0      5.53      5.33      5.72      1.64      0.05      2.97     -5.22     -5.52     -4.35     -0.87     -1.70     -0.40    287.99    270.56    304.31     -9.03    -17.50     -4.09      4.40      3.66      8.03    302.23    295.98    320.96     30927     17770     91763 
2026-02-02 19:00:00      0      5.54      5.41      5.81      2.28      0.92      3.24     -4.64     -5.49     -4.22     -1.78     -2.34      0.21    295.90    279.56    307.56    -18.68    -24.76      2.23      4.85      3.37      8.51    300.25    294.77    316.11     32918     21822    107356 
2026-02-02 19:30:00      0      5.73      5.45      5.97      2.07      0.63      3.79     -5.12     -5.65     -3.12     -2.00     -2.89     -0.97    296.22    276.91    320.58    -20.50    -29.33     -9.85      4.85      3.07      9.90    301.10    291.63    318.33     34191     11152     90635 
2026-02-02 20:00:00      0      4.80      4.47      5.53      3.63      0.58      4.55     -2.10     -5.10      0.07     -2.01     -2.40     -1.37    323.06      0.84    357.89    -23.79    -30.49    -16.71      4.99      3.71     17.83    299.02    289.61    323.91     39290     13893     82991 
2026-02-02 20:30:00      0      5.99      3.94      6.31     -1.97     -2.49      3.53     -5.62     -5.99     -1.37     -0.50     -2.59      0.50    258.98    244.24    338.73     -4.64    -36.59      4.97      4.84      2.22      9.11    312.77    294.47    322.52     33136     15539     66407 
2026-02-02 21:00:00      0      6.10      5.69      6.21     -2.34     -2.96     -1.97     -5.55     -5.71     -4.70     -1.37     -3.20      0.15    246.56    239.14    250.70    -12.91    -31.69      1.42      4.69      3.29      5.91    312.91    309.17    326.43     29894     23061     65504 
2026-02-02 21:30:00      0      5.84      5.46      6.17     -0.67     -2.21      0.37     -5.39     -5.96     -1.19     -2.17     -5.30     -0.13    261.50    244.90    273.68    -20.84    -76.12     -1.26      4.05      1.63      6.28    303.83    300.42    320.81     27678     14238     59921 
2026-02-02 22:00:00      0      5.82      4.75      6.23     -0.57     -1.12      2.23     -5.33     -6.09      1.73     -2.10     -5.23     -0.72    282.00      6.27    354.84    -21.13    -69.88     -6.93      3.85      2.49      7.37    304.87    291.77    317.76     32197     14298     62426 
2026-02-02 22:30:00      0      5.88      5.18      6.29      1.04     -0.06      2.21     -5.23     -6.11     -1.49     -2.65     -5.22     -0.11    286.60    269.32    326.01    -27.21    -63.18     -1.05      3.65      2.96      4.08    300.11    292.81    302.42     32250     17419     44432 
2026-02-02 23:00:00      0      6.23      6.03      6.35     -0.35     -1.27      0.24     -5.84     -6.06     -5.09     -1.86     -3.45     -1.38    265.48    258.11    272.56    -17.48    -34.13    -12.60      3.64      3.26      4.41    301.75    299.65    306.58     27881     24187     30166 
2026-02-02 23:30:00      0      6.11      5.35      6.32      0.09     -0.86      1.72     -5.72     -6.14     -2.74     -2.20     -4.26     -1.29    271.33    261.54    302.05    -20.54    -52.78    -12.37      3.47      2.84      3.92    297.24    294.01    303.08     25053     20755     29668 
2026-02-03 00:00:00      0      5.94      5.34      6.10      0.50     -0.78      1.82     -5.52     -5.98     -3.24     -2.30     -3.88     -0.35    275.39    262.60    299.28    -23.26    -46.25     -3.34      3.14      2.64      3.64    295.37    291.78    302.69     25030     20922     33599 
2026-02-03 00:30:00      0      6.09      5.75      6.27     -0.44     -1.23      0.28     -5.89     -6.09     -5.56     -1.35     -1.95     -0.39    265.38    258.59    272.73    -12.65    -19.23     -3.84      3.12      2.54      3.48    295.99    293.02    302.17     21554     14487     26494 
2026-02-03 01:00:00      0      6.10      5.93      6.25     -0.46     -1.30      0.02     -5.86     -6.04     -5.51     -1.64     -2.28     -0.67    264.45    257.34    270.19    -15.60    -22.46     -6.32      3.10      2.63      3.43    294.31    291.01    298.75     21101     16183     25080 
2026-02-03 01:30:00      0      5.83      5.57      6.03      0.23     -0.63      0.56     -5.15     -5.76     -4.66     -2.52     -3.34     -1.50    271.06    263.49    276.30    -26.17    -35.61    -14.57      2.99      2.56      3.54    292.64    290.47    295.98     21788     17815     26078 
2026-02-03 02:00:00      0      5.33      5.16      5.67      0.53     -0.19      1.12     -4.86     -5.16     -3.70     -2.30     -3.82     -1.32    276.66    267.67    284.43    -25.91    -45.71    -14.53      2.78      2.02      3.06    289.04    285.64    294.20     22368     14467     29347 
2026-02-03 02:30:00      0      5.15      4.99      5.33      0.51     -0.47      0.95     -4.84     -5.11     -4.21     -1.71     -2.51     -1.05    275.43    264.73    282.75    -19.41    -30.22    -11.61      2.98      2.58      3.32    287.51    284.70    290.64     21095     14206     24887 
2026-02-03 03:00:00      0      4.78      4.68      5.06      1.59      1.06      2.58     -3.15     -3.97     -2.29     -3.12     -3.84     -2.66    298.20    284.93    309.65    -38.65    -54.13    -33.40      2.55      1.90      2.81    284.36    280.58    286.64     24024     18029     35111 
2026-02-03 03:30:00      0      4.86      4.48      4.95      2.47      0.74      3.11     -3.54     -3.99     -3.19     -2.08     -3.13     -0.98    301.84    280.98    313.51    -25.27    -39.30    -12.08      2.56      2.14      3.11    283.39    278.91    292.37     26402     20499     35694 
2026-02-03 04:00:00      0      4.58      4.49      4.74      2.89      2.45      3.19     -3.34     -3.82     -2.99     -1.08     -1.56     -0.72    310.30    303.46    315.40    -13.71    -19.58     -9.05      2.71      2.42      3.15    282.08    278.88    286.68     25694     20131     35658 
2026-02-03 04:30:00      0      5.22      4.99      5.53      0.50     -0.03      0.98     -5.11     -5.50     -4.79     -0.86     -1.39     -0.04    275.43    269.72    281.55     -9.39    -15.48     -0.49      2.86      2.41      3.31    284.72    281.32    288.86     22914     16085     28270 
2026-02-03 05:00:00      0      4.52      4.29      5.26      2.29      0.59      2.79     -3.36     -5.07     -1.74     -2.12     -3.03     -0.70    299.90    276.82    327.94    -29.14    -42.69     -8.07      2.95      2.40      3.48    283.33    278.53    287.74     25104     19153     46712 
2026-02-03 05:30:00      0      4.81      4.28      4.97      2.86      2.33      3.39     -2.32     -2.68     -1.83     -3.04     -3.30     -2.39    321.20    311.02    331.52    -38.60    -47.04    -33.96      3.03      2.58      3.66    283.68    280.13    287.70     27090     21003     33506 
2026-02-03 06:00:00      0      4.93      4.76      5.07      3.33      2.90      3.72     -0.69     -2.16      0.08     -3.42     -4.03     -2.73    347.21      1.56    359.47    -44.83    -54.26    -33.74      3.15      2.66      3.49    282.97    280.99    287.58     26707     22524     31903 
2026-02-03 06:30:00      0      4.86      4.50      5.13      3.26      2.35      3.41     -0.26     -0.73      0.66     -3.70     -4.04     -3.40    357.85      0.19    359.75    -48.90    -57.54    -44.95      3.25      2.91      3.79    284.38    281.73    287.63     26330     19109     37894 
2026-02-03 07:00:00      0      4.59      4.07      4.70      2.45      2.31      2.56      0.74     -2.26      0.81     -3.83     -3.94     -2.39      8.59     11.24    316.67    -56.27    -57.60    -35.96      3.37      3.05      4.20    285.69    282.46    293.70     33665     27872     40827 
2026-02-03 07:30:00      0      3.93      3.84      4.07      2.40      2.21      2.93     -2.32     -2.70     -1.53     -2.03     -2.39     -1.78    317.95    311.13    332.38    -31.57    -36.08    -26.41      4.19      3.72      4.48    292.16    289.57    293.70     44443     40097     46544 
2026-02-03 08:00:00      0      4.32      3.97      4.84      1.99      1.52      2.64     -3.67     -3.96     -2.63     -1.43     -1.74     -0.88    300.90    291.79    315.08    -18.37    -25.05    -12.11      4.40      3.42      5.14    292.57    288.21    295.49     32141     28668     42714 
2026-02-03 08:30:00      0      4.24      4.06      4.45      2.28      1.15      3.15     -3.48     -4.29     -2.21     -1.16     -1.80      0.20    304.09    285.04    324.80    -15.59    -25.63      2.57      4.29      3.42      4.91    292.24    290.08    293.85     32064     22973     49769 
2026-02-03 09:00:00      0      4.27      4.08      5.07      1.55      0.39      2.43     -4.02     -4.69     -3.49     -0.03     -0.61      0.80    290.53    275.52    304.79     -0.46     -8.13     11.14      3.89      3.19      4.73    291.20    287.52    294.61     35249     26676     40128 
2026-02-03 09:30:00      0      4.96      4.62      5.09      1.98      0.72      2.20     -4.53     -4.69     -4.14      0.52     -2.32      1.01    292.76    279.84    296.40      6.04    -28.91     11.48      3.63      3.15      4.50    287.59    285.87    290.49     29759     21477     34787 
2026-02-03 10:00:00      0      4.62      4.35      5.02      0.89      0.52      1.91     -4.36     -4.81     -4.06     -0.76     -2.06     -0.14    284.16    276.29    294.68     -9.72    -26.22     -1.77      4.04      3.46      4.75    291.04    288.04    293.49     31838     26690     46130 
2026-02-03 10:30:00      0      5.06      4.53      5.36      1.23      0.52      1.62     -4.57     -5.03     -3.49      1.77     -0.23      3.29    284.57    276.21    294.83     20.19     -2.79     41.27      3.68      2.75      4.67    290.63    287.67    295.38     30995     21330     37423 
2026-02-03 11:00:00      0      5.12      4.42      5.22      1.01      0.88      2.21     -4.38     -4.57     -2.88      2.59     -1.42      3.23    286.74    282.89    296.81     29.75    -16.17     46.96      3.96      3.19      4.86    294.57    290.99    302.61     29827     23340     40462 
2026-02-03 11:30:00      0    -99999    -99999    -99999    -99999    -99999    -99999    -99999    -99999    -99999    -99999    -99999    -99999    -99999    -99999    -99999    -99999    -99999    -99999      4.29      3.34      4.88    300.12    292.93    305.28     30419     25857     35877 
2026-02-03 12:00:00      0      5.01      4.93      5.14      2.42      2.07      2.91     -4.33     -4.66     -4.07     -0.14     -1.43      0.79    299.61    294.20    305.54     -1.64    -16.17      8.88      4.09      3.60      4.73    291.75    286.21    305.27     31554     24062     43748 
2026-02-03 12:30:00      0      5.40      4.81      5.77      2.23      1.06      2.63     -4.49     -5.39     -3.67     -1.47     -3.15      0.70    294.59    282.01    303.13    -15.53    -35.83      6.99      3.93      3.37      4.52    291.56    286.43    294.84     34080     24242     41527 
2026-02-03 13:00:00      0      5.28      4.81      5.49      1.99      1.21      3.10     -4.84     -5.15     -3.93     -1.05     -1.66      0.13    293.03    283.31    307.32    -12.23    -18.05      1.36      4.09      3.07      4.99    292.18    286.70    294.69     32749     24536     40497 
2026-02-03 13:30:00      0      5.20      4.87      5.43      3.30      2.70      3.66     -3.71     -4.48     -3.23     -1.20     -1.66      0.24    311.24    301.11    316.31    -13.27    -19.80      2.58      4.00      3.48      4.49    291.11    289.17    293.31     35541     32081     41664 
2026-02-03 14:00:00      0      5.72      5.19      6.34      3.32      2.10      3.83     -4.67     -5.30     -3.37     -0.13     -2.70      1.07    305.99    291.61    317.52     -1.25    -25.24     10.63      4.06      3.30      4.67    292.01    288.97    295.23     34533     25338     39573 
2026-02-03 14:30:00      0      6.06      5.59      6.35      3.55      2.70      4.23     -3.91     -4.59     -3.21     -2.76     -3.91     -2.10    312.54    306.88    318.57    -26.89    -40.99    -19.88      4.50      3.74      5.65    294.79    292.19    305.31     32496     23364     79252 
2026-02-03 15:00:00      0      5.81      5.48      6.15      3.74      3.45      4.09     -3.45     -4.45     -2.32     -2.88     -3.87     -2.02    317.56    308.41    326.54    -30.03    -41.84    -19.59      4.65      3.64      6.30    297.13    292.49    314.03     30122     17097    126151 
2026-02-03 15:30:00      0      6.77      5.77      7.59      3.69      3.12      4.56     -5.78     -6.21     -3.38     -2.25     -3.34     -1.56    306.33    298.35    323.45    -19.35    -30.43    -12.76      5.29      4.76      6.62    305.20    299.85    311.55     31878     25202     88559 
2026-02-03 16:00:00      0      7.43      6.69      7.61      3.61      3.26      4.16     -5.78     -6.48     -5.27     -1.86     -3.63     -1.24    301.74    297.32    307.38    -14.70    -29.28    -10.29      5.89      2.37      7.85    308.69    305.84    326.39     31093     21012     80500 
2026-02-03 16:30:00      0      6.66      6.34      7.06      3.40      3.15      3.78     -4.92     -5.99     -3.91     -2.89     -4.01     -1.06    305.43    297.72    311.47    -25.73    -37.45     -9.03      5.87      3.11      6.92    307.88    304.83    322.62     28350     17139     62030 
2026-02-03 17:00:00      0      7.00      6.84      7.22      0.65     -0.12      3.34     -6.96     -7.17     -5.64      0.17     -2.55      0.79    278.62    269.00    300.56      1.39    -21.27      6.41      5.90      4.77      8.90    308.39    303.70    316.04     27478     22442     58978 
2026-02-03 17:30:00      0      6.17      5.90      7.14      3.35      2.38      4.00     -4.43     -6.66     -3.26     -2.92     -3.26     -0.98    307.73    289.64    319.99    -27.94    -32.29     -7.89      6.69      5.00     12.43    312.43    309.09    327.33     29399     14864     72945 
2026-02-03 18:00:00      0      7.12      6.16      7.52      4.77      3.87      5.41     -3.34     -5.03     -2.05     -3.52     -4.16     -2.95    324.91    312.39    339.26    -32.10    -35.73    -24.67      5.56      3.75      7.99    312.92    309.51    324.07     22102     15873     62045 
2026-02-03 18:30:00      0      3.80      2.79      8.94     -1.67     -6.25      5.57      3.15     -2.26      6.39     -0.79     -4.12      3.88    113.58    102.12    344.42    -12.23    -35.79     26.64      6.17      3.59     12.50    328.92    303.22    343.83     48657     12387     84979 
2026-02-03 19:00:00      0      9.04      8.75      9.21     -6.10     -6.86     -5.32      5.88      5.08      6.77      2.92      2.14      3.67    135.53    128.18    143.35     18.84     13.86     24.33      3.92      2.07     17.01    311.28    291.45    330.88     63492     17692     95886 
2026-02-03 19:30:00      0      8.93      8.81      9.01     -5.78     -6.64     -5.12      6.51      5.80      6.86      2.22      1.42      3.07    131.91    126.73    138.55     14.33      9.13     20.21      3.63      1.52     16.40    307.85    300.48    341.88     53907     30576    147770 
2026-02-03 20:00:00      0      8.93      8.78      9.06     -5.38     -6.06     -4.67      6.79      5.80      7.38      2.39     -0.44      3.88    128.46    122.33    135.47     15.53     -2.86     25.74      4.17      2.82     12.44    311.10    301.03    333.49     56798     27908     92510 
2026-02-03 20:30:00      0      8.84      8.53      9.33     -5.86     -7.86     -3.52      6.11      1.13      7.75      2.59      0.47      4.60    135.29    114.41    171.81     17.08      3.08     30.07      3.57      2.54     13.32    311.12    300.08    334.64     50319     23703    124632 
2026-02-03 21:00:00      0      8.85      8.45      9.01     -6.59     -7.20     -4.22      5.08      3.62      7.17      3.18      1.18      4.31    141.78    120.46    152.78     21.24      7.67     28.58      3.28      1.87     16.61    308.12    292.04    332.80     68521     18709    114843 
2026-02-03 21:30:00      0      8.90      8.62      9.03     -6.50     -7.78     -4.95      5.21      3.40      7.05      2.93      0.61      3.81    142.02    125.08    156.31     19.13      4.04     25.31      2.86      1.17     12.58    306.81    289.10    327.74     56185     18666     96453 
2026-02-03 22:00:00      0      8.96      8.77      9.15     -6.62     -7.32     -6.22      5.06      3.19      5.74      2.99      2.29      4.60    144.21    137.83    155.92     19.88     14.93     30.63      2.27      0.98      6.39    315.77    296.60    342.85     63932     33480    173760 
2026-02-03 22:30:00      0      8.83      8.58      8.94     -6.75     -6.96     -5.38      4.32      3.59      5.23      3.98      3.21      4.85    146.28    135.87    152.19     26.63     21.20     34.29      2.57      1.39      3.55    306.32    296.81    323.41     64336     30785    108868 
2026-02-03 23:00:00      0      8.69      8.48      8.84     -5.98     -6.64     -3.85      5.47      4.62      6.70      3.47      2.72      3.88    136.33    119.86    145.14     23.60     18.38     26.89      2.85      1.43      3.46    304.87    301.83    318.83     58669     40937     89560 
2026-02-03 23:30:00      0      8.68      8.56      8.88     -6.78     -7.57     -6.07      4.24      3.07      5.50      3.30      2.45      4.24    147.96    137.82    157.38     22.36     16.64     29.16      2.23      0.83      3.00    305.86    283.39    342.54     93947     34133    157824 
2026-02-04 00:00:00      0      8.54      8.27      8.68     -6.80     -7.46     -4.53      4.53      3.89      5.38      2.61      0.61      5.46    143.26    133.21    151.53     17.71      4.11     40.28      2.34      0.95      3.00    295.37    282.34    325.07     44137     24144    110616 
2026-02-04 00:30:00      0      8.40      8.25      8.54     -4.79     -5.97     -3.73      4.95      4.27      6.10      4.64      4.00      5.05    133.31    121.43    144.36     33.53     28.77     37.17      1.93      0.87      2.93    301.57    296.84    320.73     45786     22528     58522 
2026-02-04 01:00:00      0      8.51      8.32      8.62     -5.41     -5.94     -4.59      5.95      4.35      6.85      2.91      1.12      4.67    132.50    123.80    143.83     20.04      7.73     33.04      2.48      1.10      3.46    300.70    295.26    321.82     57239     27481     75397 
2026-02-04 01:30:00      0      8.44      8.13      8.50     -5.17     -5.67     -4.36      6.21      5.70      6.94      2.27      0.62      3.49    128.94    122.12    133.61     15.66      4.21     24.45      2.83      1.11      3.59    298.73    293.16    319.41     59191     29783     73021 
2026-02-04 02:00:00      0      8.62      8.46      8.78     -4.38     -5.31     -3.67      5.86      4.94      6.66      4.76      1.91      5.56    126.89    121.17    133.04     33.87     13.02     40.02      2.48      1.82      3.18    303.24    297.56    306.65     45923     32538     71649 
2026-02-04 02:30:00      0      8.64      8.50      8.83     -4.77     -5.17     -4.32      5.86      3.68      7.12      3.69      1.64      6.11    130.45    122.02    142.33     25.76     10.95     45.41      2.51      1.29      3.68    300.50    294.24    310.31     46052     19851     61092 
2026-02-04 03:00:00      0      8.48      8.17      8.77     -4.48     -5.53     -3.49      6.82      6.06      7.28      2.51      0.52      3.89    122.52    117.69    132.41     17.08      3.65     27.40      3.65      2.78      4.40    298.96    293.02    305.05     41823     30009     49724 
2026-02-04 03:30:00      0      8.53      8.40      8.89     -4.11     -4.82     -2.84      6.92      5.71      7.31      2.87      0.00      5.59    120.21    113.89    126.27     20.01      0.02     40.88      3.35      2.59      4.55    302.52    295.70    316.80     39924     32085     59906 
2026-02-04 04:00:00      0      8.95      8.77      9.13     -4.97     -5.33     -4.20      7.10      6.30      7.52      2.37      1.73      3.90    125.08    119.20    130.07     15.17     11.26     26.05      3.31      2.38      4.07    301.26    296.12    304.35     44264     28005     59906 
2026-02-04 04:30:00      0      9.12      8.69      9.51     -3.88     -4.57     -2.91      8.07      7.32      8.56      1.69      0.88      3.50    115.16    108.91    121.98     10.63      5.56     21.64      3.71      1.94      4.56    311.00    304.38    325.57     43761     29073     50158 
2026-02-04 05:00:00      0      9.57      9.38      9.88     -4.45     -5.39     -3.60      7.25      6.66      8.25      4.29      2.76      5.28    121.17    113.56    128.05     26.30     17.02     34.09      2.92      2.64      3.67    320.85    310.71    328.78     38275     32107     60340 
2026-02-04 05:30:00      0      9.77      9.15      9.92     -4.73     -5.27     -3.09      7.84      5.68      8.36      3.63      1.93      6.85    121.34    118.15    128.93     21.74     11.34     46.64      3.01      1.87      4.25    320.98    314.62    325.66     38133     30729     47409 
2026-02-04 06:00:00      0      9.84      9.36      9.98     -4.83     -5.45     -3.42      8.14      7.67      8.52      2.45      1.51      3.76    120.31    112.33    124.76     14.40      9.00     22.40      3.15      2.38      4.40    317.46    310.16    326.34     41335     28109     51517 
2026-02-04 06:30:00      0      9.38      9.26      9.68     -3.57     -5.57     -2.64      8.55      7.67      8.76     -1.13     -2.66      2.48    113.07    106.82    126.01     -6.90    -16.69     15.22      4.68      2.84      5.36    307.76    303.78    322.53     37726     22387     47276 
2026-02-04 07:00:00      2      9.15      9.09     10.03     -1.64     -4.42     -1.38      8.01      7.18      8.48     -3.99     -4.77      5.42    105.22    100.26    121.64    -25.88    -31.64     32.75      3.60      2.89      6.04    318.32    303.10    322.40     27812     22923     69682 
2026-02-04 07:30:00      1     10.00      8.85     10.46     -4.51     -5.11     -2.83      6.71      4.26      8.16      5.61      4.51      6.71    124.33    111.16    138.36     34.89     26.19     45.95      3.59      1.71      7.35    306.30    297.90    468.30     21322      9425    115573 
2026-02-04 08:00:00      0     11.18      9.47     11.87     -5.43     -6.21     -4.87      9.73      2.96     10.67      2.81      1.51      6.72    126.24    114.63    154.49     14.06      7.55     44.65      1.95      1.32      3.93    331.52    324.94    341.61     52106     29188    116917 

2026-02-04 08:30:00      0     11.66     11.38     12.03     -5.73     -6.85     -3.39     10.16      9.07     11.14      1.48      0.71      2.84    116.93    107.15    127.04      7.24      3.45     14.34      1.59      1.21      4.31    343.42    329.41    354.13     62428     34529     88499 
2026-02-04 09:00:00      0     11.52     11.26     11.82     -6.58     -7.29     -5.40      9.33      7.45     10.28      1.81      1.20      5.99    125.10    117.73    131.90      9.04      5.83     30.93      2.08      1.40      4.87    340.42    326.72    357.17     88168     47291    123131 
2026-02-04 09:30:00      0     11.90     11.73     12.26     -5.30     -6.54     -4.21     10.61     10.18     11.20     -0.30     -1.13      1.10    116.60    111.02    122.60     -1.45     -5.49      5.27      1.71      1.34      2.66    344.51    336.86    354.03     68447     51683    108155 
2026-02-04 10:00:00      0     12.00     11.78     12.40     -6.44     -7.13     -5.96      9.89      9.60     10.57     -1.68     -3.39      0.49    122.98    120.17    125.93     -8.10    -16.30      2.39      1.51      1.12      1.99    344.79    336.55    353.36     76825     50631    105447 
2026-02-04 10:30:00      0     12.06     11.73     12.54     -8.11     -8.86     -6.98      8.56      7.95      9.56     -2.52     -3.08     -1.82    132.57    126.21    138.10    -11.86    -14.97     -8.75      1.33      1.05      1.62    341.98    328.78    352.94     77453     55613    150726 
2026-02-04 11:00:00      0     12.37     11.45     12.80     -6.72     -7.61     -5.20     10.32      8.20     11.00     -2.25     -3.77     -1.70    122.80    115.28    132.84    -10.58    -17.72     -8.01      1.51      1.11      2.04    341.67    327.21    352.15     65335     50549    104230 
2026-02-04 11:30:00      0     12.27     12.17     12.45     -5.26     -5.76     -4.43     11.07     10.66     11.60     -0.84     -1.67      0.03    114.95    111.21    118.39     -3.94     -7.85      0.13      2.03      1.79      2.15    333.76    330.14    337.58     52870     44545     65934 
2026-02-04 12:00:00      0     12.04     11.72     12.33     -6.08     -6.58     -4.39     10.19      9.86     11.46     -1.60     -2.09      0.47    119.05    110.97    123.73     -7.64    -10.15      2.23      2.01      1.81      2.35    335.14    325.50    339.98     62024     54842     79038 
2026-02-04 12:30:00      0     11.26     10.99     11.68     -5.97     -6.77     -5.24      9.12      8.74      9.87     -2.24     -3.94     -1.24    123.19    118.54    127.76    -11.46    -20.47     -6.45      2.17      1.72      2.67    331.87    321.89    335.66     59376     45746     88408 
2026-02-04 13:00:00      0     11.14     10.70     11.79     -6.68     -7.99     -5.55      8.74      8.28      9.33     -1.75     -3.04      0.72    126.93    121.20    133.73     -8.92    -15.58      3.67      2.12      1.68      2.89    337.72    324.65    346.43     83687     51038    130982 
2026-02-04 13:30:00      0     11.42     11.04     12.14     -7.02     -8.04     -6.51      8.91      8.39      9.23     -1.51     -2.11      1.48    129.42    125.79    133.71     -7.73    -10.59      7.18      1.84      1.59      2.31    328.32    314.86    342.99     59341     39935     99688 
